card_id,reward_currency_id,program_id,points_in,points_out,out_per_1_in,ratio_text,min_transfer,annual_cap,basis,confidence,notes,source_url,as_of
axis-atlas,AXIS_EDGE_MILES,AEROPLAN,1,2,2.0,1:2,500,30000,AXIS_TIER_TABLE,EXPLICIT_SOURCE,"Axis Group A partner; annual cap 30,000 EDGE Miles shared across Group A",https://magnify.club/guides/axis-accor-returns-miles-and-more-september-2026/ ; https://traveledge.axis.bank.in/travel/common/termsandcondition,2026-09-25
axis-atlas,AXIS_EDGE_MILES,FLYING_BLUE,1,2,2.0,1:2,500,30000,AXIS_TIER_TABLE,EXPLICIT_SOURCE,"Axis Group A partner; annual cap 30,000 EDGE Miles shared across Group A",https://magnify.club/guides/axis-accor-returns-miles-and-more-september-2026/ ; https://traveledge.axis.bank.in/travel/common/termsandcondition,2026-09-25
axis-atlas,AXIS_EDGE_MILES,AIR_INDIA_MAHARAJA,1,2,2.0,1:2,500,30000,AXIS_TIER_TABLE,EXPLICIT_SOURCE,"Axis Group A partner; annual cap 30,000 EDGE Miles shared across Group A",https://magnify.club/guides/axis-accor-returns-miles-and-more-september-2026/ ; https://traveledge.axis.bank.in/travel/common/termsandcondition,2026-09-25
axis-atlas,AXIS_EDGE_MILES,BA_EXECUTIVE_CLUB,2,1,0.5,2:1,500,30000,AXIS_TIER_TABLE,EXPLICIT_SOURCE,"Axis Group A partner; annual cap 30,000 EDGE Miles shared across Group A",https://magnify.club/guides/axis-accor-returns-miles-and-more-september-2026/ ; https://traveledge.axis.bank.in/travel/common/termsandcondition,2026-09-25
axis-atlas,AXIS_EDGE_MILES,ACCOR_ALL,2,1,0.5,2:1,500,30000,AXIS_TIER_TABLE,EXPLICIT_SOURCE,"Axis Group A partner; annual cap 30,000 EDGE Miles shared across Group A",https://magnify.club/guides/axis-accor-returns-miles-and-more-september-2026/ ; https://traveledge.axis.bank.in/travel/common/termsandcondition,2026-09-25
axis-atlas,AXIS_EDGE_MILES,ASIA_MILES,2,1,0.5,2:1,500,30000,AXIS_TIER_TABLE,EXPLICIT_SOURCE,"Axis Group A partner; annual cap 30,000 EDGE Miles shared across Group A",https://magnify.club/guides/axis-accor-returns-miles-and-more-september-2026/ ; https://traveledge.axis.bank.in/travel/common/termsandcondition,2026-09-25
axis-atlas,AXIS_EDGE_MILES,ETHIOPIAN_SHEBAMILES,1,2,2.0,1:2,500,30000,AXIS_TIER_TABLE,INFERRED_STANDARD_TIER,"Axis Group A partner; annual cap 30,000 EDGE Miles shared across Group A",https://magnify.club/guides/axis-accor-returns-miles-and-more-september-2026/ ; https://traveledge.axis.bank.in/travel/common/termsandcondition,2026-09-25
axis-atlas,AXIS_EDGE_MILES,ETIHAD_GUEST,1,2,2.0,1:2,500,30000,AXIS_TIER_TABLE,INFERRED_STANDARD_TIER,"Axis Group A partner; annual cap 30,000 EDGE Miles shared across Group A",https://magnify.club/guides/axis-accor-returns-miles-and-more-september-2026/ ; https://traveledge.axis.bank.in/travel/common/termsandcondition,2026-09-25
axis-atlas,AXIS_EDGE_MILES,FINNAIR_PLUS,2,1,0.5,2:1,500,30000,AXIS_TIER_TABLE,EXPLICIT_SOURCE,"Axis Group A partner; annual cap 30,000 EDGE Miles shared across Group A",https://magnify.club/guides/axis-accor-returns-miles-and-more-september-2026/ ; https://traveledge.axis.bank.in/travel/common/termsandcondition,2026-09-25
axis-atlas,AXIS_EDGE_MILES,JAL_MILEAGE_BANK,1,2,2.0,1:2,500,30000,AXIS_TIER_TABLE,INFERRED_STANDARD_TIER,"Axis Group A partner; annual cap 30,000 EDGE Miles shared across Group A",https://magnify.club/guides/axis-accor-returns-miles-and-more-september-2026/ ; https://traveledge.axis.bank.in/travel/common/termsandcondition,2026-09-25
axis-atlas,AXIS_EDGE_MILES,QANTAS_FREQUENT_FLYER,1,2,2.0,1:2,500,30000,AXIS_TIER_TABLE,EXPLICIT_SOURCE,"Axis Group A partner; annual cap 30,000 EDGE Miles shared across Group A",https://magnify.club/guides/axis-accor-returns-miles-and-more-september-2026/ ; https://traveledge.axis.bank.in/travel/common/termsandcondition,2026-09-25
axis-atlas,AXIS_EDGE_MILES,QATAR_PRIVILEGE_CLUB,2,1,0.5,2:1,500,30000,AXIS_TIER_TABLE,EXPLICIT_SOURCE,"Axis Group A partner; annual cap 30,000 EDGE Miles shared across Group A",https://magnify.club/guides/axis-accor-returns-miles-and-more-september-2026/ ; https://traveledge.axis.bank.in/travel/common/termsandcondition,2026-09-25
axis-atlas,AXIS_EDGE_MILES,KRISFLYER,1,2,2.0,1:2,500,30000,AXIS_TIER_TABLE,EXPLICIT_SOURCE,"Axis Group A partner; annual cap 30,000 EDGE Miles shared across Group A",https://magnify.club/guides/axis-accor-returns-miles-and-more-september-2026/ ; https://traveledge.axis.bank.in/travel/common/termsandcondition,2026-09-25
axis-atlas,AXIS_EDGE_MILES,THAI_ROYAL_ORCHID,1,2,2.0,1:2,500,30000,AXIS_TIER_TABLE,INFERRED_STANDARD_TIER,"Axis Group A partner; annual cap 30,000 EDGE Miles shared across Group A",https://magnify.club/guides/axis-accor-returns-miles-and-more-september-2026/ ; https://traveledge.axis.bank.in/travel/common/termsandcondition,2026-09-25
axis-atlas,AXIS_EDGE_MILES,TURKISH_MILES_SMILES,1,2,2.0,1:2,500,30000,AXIS_TIER_TABLE,INFERRED_STANDARD_TIER,"Axis Group A partner; annual cap 30,000 EDGE Miles shared across Group A",https://magnify.club/guides/axis-accor-returns-miles-and-more-september-2026/ ; https://traveledge.axis.bank.in/travel/common/termsandcondition,2026-09-25
axis-atlas,AXIS_EDGE_MILES,UNITED_MILEAGEPLUS,1,2,2.0,1:2,500,30000,AXIS_TIER_TABLE,INFERRED_STANDARD_TIER,"Axis Group A partner; annual cap 30,000 EDGE Miles shared across Group A",https://magnify.club/guides/axis-accor-returns-miles-and-more-september-2026/ ; https://traveledge.axis.bank.in/travel/common/termsandcondition,2026-09-25
axis-atlas,AXIS_EDGE_MILES,VIETNAM_LOTUSMILES,2,1,0.5,2:1,500,30000,AXIS_TIER_TABLE,EXPLICIT_SOURCE,"Axis Group A partner; annual cap 30,000 EDGE Miles shared across Group A",https://magnify.club/guides/axis-accor-returns-miles-and-more-september-2026/ ; https://traveledge.axis.bank.in/travel/common/termsandcondition,2026-09-25
axis-atlas,AXIS_EDGE_MILES,WYNDHAM_REWARDS,1,2,2.0,1:2,500,30000,AXIS_TIER_TABLE,INFERRED_STANDARD_TIER,"Axis Group A partner; annual cap 30,000 EDGE Miles shared across Group A",https://magnify.club/guides/axis-accor-returns-miles-and-more-september-2026/ ; https://traveledge.axis.bank.in/travel/common/termsandcondition,2026-09-25
axis-atlas,AXIS_EDGE_MILES,AIRASIA_REWARDS,1,2,2.0,1:2,500,120000,AXIS_TIER_TABLE,INFERRED_STANDARD_TIER,"Axis Group B partner; annual cap 120,000 EDGE Miles shared across Group B",https://magnify.club/guides/axis-accor-returns-miles-and-more-september-2026/ ; https://traveledge.axis.bank.in/travel/common/termsandcondition,2026-09-25
axis-atlas,AXIS_EDGE_MILES,HILTON_HONORS,1,2,2.0,1:2,500,120000,AXIS_TIER_TABLE,EXPLICIT_SOURCE,"Axis Group B partner; annual cap 120,000 EDGE Miles shared across Group B",https://magnify.club/guides/axis-accor-returns-miles-and-more-september-2026/ ; https://traveledge.axis.bank.in/travel/common/termsandcondition,2026-09-25
axis-atlas,AXIS_EDGE_MILES,IHG_ONE_REWARDS,1,2,2.0,1:2,500,120000,AXIS_TIER_TABLE,INFERRED_STANDARD_TIER,"Axis Group B partner; annual cap 120,000 EDGE Miles shared across Group B",https://magnify.club/guides/axis-accor-returns-miles-and-more-september-2026/ ; https://traveledge.axis.bank.in/travel/common/termsandcondition,2026-09-25
axis-atlas,AXIS_EDGE_MILES,INDIGO_BLUCHIP,2,1,0.5,2:1,500,120000,AXIS_TIER_TABLE,EXPLICIT_SOURCE,"Axis Group B partner; annual cap 120,000 EDGE Miles shared across Group B; standard ratio only during limited introductory offer, reduced ratio afterwards",https://magnify.club/guides/axis-accor-returns-miles-and-more-september-2026/ ; https://traveledge.axis.bank.in/travel/common/termsandcondition,2026-09-25
axis-atlas,AXIS_EDGE_MILES,MILES_AND_MORE,1,1,1.0,1:1,3000,120000,AXIS_TIER_TABLE,EXPLICIT_SOURCE,"Axis Group B partner; annual cap 120,000 EDGE Miles shared across Group B; also 2,00,000 Miles&More miles/yr limit and min 3,000 miles per transfer",https://magnify.club/guides/axis-accor-returns-miles-and-more-september-2026/ ; https://traveledge.axis.bank.in/travel/common/termsandcondition,2026-09-25
axis-atlas,AXIS_EDGE_MILES,ORCHID_REWARDS,1,2,2.0,1:2,500,120000,AXIS_TIER_TABLE,INFERRED_STANDARD_TIER,"Axis Group B partner; annual cap 120,000 EDGE Miles shared across Group B",https://magnify.club/guides/axis-accor-returns-miles-and-more-september-2026/ ; https://traveledge.axis.bank.in/travel/common/termsandcondition,2026-09-25
axis-atlas,AXIS_EDGE_MILES,POSTCARD_SUNSHINE_CLUB,1,2,2.0,1:2,500,120000,AXIS_TIER_TABLE,INFERRED_STANDARD_TIER,"Axis Group B partner; annual cap 120,000 EDGE Miles shared across Group B",https://magnify.club/guides/axis-accor-returns-miles-and-more-september-2026/ ; https://traveledge.axis.bank.in/travel/common/termsandcondition,2026-09-25
axis-atlas,AXIS_EDGE_MILES,RADISSON_REWARDS,1,2,2.0,1:2,500,120000,AXIS_TIER_TABLE,INFERRED_STANDARD_TIER,"Axis Group B partner; annual cap 120,000 EDGE Miles shared across Group B",https://magnify.club/guides/axis-accor-returns-miles-and-more-september-2026/ ; https://traveledge.axis.bank.in/travel/common/termsandcondition,2026-09-25
axis-atlas,AXIS_EDGE_MILES,SPICEJET_SPICECLUB,1,2,2.0,1:2,500,120000,AXIS_TIER_TABLE,INFERRED_STANDARD_TIER,"Axis Group B partner; annual cap 120,000 EDGE Miles shared across Group B",https://magnify.club/guides/axis-accor-returns-miles-and-more-september-2026/ ; https://traveledge.axis.bank.in/travel/common/termsandcondition,2026-09-25
axis-olympus,AXIS_EDGE_MILES,AEROPLAN,1,4,4.0,1:4,500,150000,AXIS_TIER_TABLE,EXPLICIT_SOURCE,"Axis Group A partner; annual cap 150,000 EDGE Miles shared across Group A",https://magnify.club/guides/axis-accor-returns-miles-and-more-september-2026/ ; https://traveledge.axis.bank.in/travel/common/termsandcondition,2026-09-25
axis-olympus,AXIS_EDGE_MILES,FLYING_BLUE,1,4,4.0,1:4,500,150000,AXIS_TIER_TABLE,EXPLICIT_SOURCE,"Axis Group A partner; annual cap 150,000 EDGE Miles shared across Group A",https://magnify.club/guides/axis-accor-returns-miles-and-more-september-2026/ ; https://traveledge.axis.bank.in/travel/common/termsandcondition,2026-09-25
axis-olympus,AXIS_EDGE_MILES,AIR_INDIA_MAHARAJA,1,4,4.0,1:4,500,150000,AXIS_TIER_TABLE,EXPLICIT_SOURCE,"Axis Group A partner; annual cap 150,000 EDGE Miles shared across Group A",https://magnify.club/guides/axis-accor-returns-miles-and-more-september-2026/ ; https://traveledge.axis.bank.in/travel/common/termsandcondition,2026-09-25
axis-olympus,AXIS_EDGE_MILES,BA_EXECUTIVE_CLUB,1,2,2.0,1:2,500,150000,AXIS_TIER_TABLE,EXPLICIT_SOURCE,"Axis Group A partner; annual cap 150,000 EDGE Miles shared across Group A",https://magnify.club/guides/axis-accor-returns-miles-and-more-september-2026/ ; https://traveledge.axis.bank.in/travel/common/termsandcondition,2026-09-25
axis-olympus,AXIS_EDGE_MILES,ACCOR_ALL,1,2,2.0,1:2,500,150000,AXIS_TIER_TABLE,EXPLICIT_SOURCE,"Axis Group A partner; annual cap 150,000 EDGE Miles shared across Group A",https://magnify.club/guides/axis-accor-returns-miles-and-more-september-2026/ ; https://traveledge.axis.bank.in/travel/common/termsandcondition,2026-09-25
axis-olympus,AXIS_EDGE_MILES,ASIA_MILES,1,2,2.0,1:2,500,150000,AXIS_TIER_TABLE,EXPLICIT_SOURCE,"Axis Group A partner; annual cap 150,000 EDGE Miles shared across Group A",https://magnify.club/guides/axis-accor-returns-miles-and-more-september-2026/ ; https://traveledge.axis.bank.in/travel/common/termsandcondition,2026-09-25
axis-olympus,AXIS_EDGE_MILES,ETHIOPIAN_SHEBAMILES,1,4,4.0,1:4,500,150000,AXIS_TIER_TABLE,INFERRED_STANDARD_TIER,"Axis Group A partner; annual cap 150,000 EDGE Miles shared across Group A",https://magnify.club/guides/axis-accor-returns-miles-and-more-september-2026/ ; https://traveledge.axis.bank.in/travel/common/termsandcondition,2026-09-25
axis-olympus,AXIS_EDGE_MILES,ETIHAD_GUEST,1,4,4.0,1:4,500,150000,AXIS_TIER_TABLE,INFERRED_STANDARD_TIER,"Axis Group A partner; annual cap 150,000 EDGE Miles shared across Group A",https://magnify.club/guides/axis-accor-returns-miles-and-more-september-2026/ ; https://traveledge.axis.bank.in/travel/common/termsandcondition,2026-09-25
axis-olympus,AXIS_EDGE_MILES,FINNAIR_PLUS,1,2,2.0,1:2,500,150000,AXIS_TIER_TABLE,EXPLICIT_SOURCE,"Axis Group A partner; annual cap 150,000 EDGE Miles shared across Group A",https://magnify.club/guides/axis-accor-returns-miles-and-more-september-2026/ ; https://traveledge.axis.bank.in/travel/common/termsandcondition,2026-09-25
axis-olympus,AXIS_EDGE_MILES,JAL_MILEAGE_BANK,1,4,4.0,1:4,500,150000,AXIS_TIER_TABLE,INFERRED_STANDARD_TIER,"Axis Group A partner; annual cap 150,000 EDGE Miles shared across Group A",https://magnify.club/guides/axis-accor-returns-miles-and-more-september-2026/ ; https://traveledge.axis.bank.in/travel/common/termsandcondition,2026-09-25
axis-olympus,AXIS_EDGE_MILES,QANTAS_FREQUENT_FLYER,1,4,4.0,1:4,500,150000,AXIS_TIER_TABLE,EXPLICIT_SOURCE,"Axis Group A partner; annual cap 150,000 EDGE Miles shared across Group A",https://magnify.club/guides/axis-accor-returns-miles-and-more-september-2026/ ; https://traveledge.axis.bank.in/travel/common/termsandcondition,2026-09-25
axis-olympus,AXIS_EDGE_MILES,QATAR_PRIVILEGE_CLUB,1,2,2.0,1:2,500,150000,AXIS_TIER_TABLE,EXPLICIT_SOURCE,"Axis Group A partner; annual cap 150,000 EDGE Miles shared across Group A",https://magnify.club/guides/axis-accor-returns-miles-and-more-september-2026/ ; https://traveledge.axis.bank.in/travel/common/termsandcondition,2026-09-25
axis-olympus,AXIS_EDGE_MILES,KRISFLYER,1,4,4.0,1:4,500,150000,AXIS_TIER_TABLE,EXPLICIT_SOURCE,"Axis Group A partner; annual cap 150,000 EDGE Miles shared across Group A",https://magnify.club/guides/axis-accor-returns-miles-and-more-september-2026/ ; https://traveledge.axis.bank.in/travel/common/termsandcondition,2026-09-25
axis-olympus,AXIS_EDGE_MILES,THAI_ROYAL_ORCHID,1,4,4.0,1:4,500,150000,AXIS_TIER_TABLE,INFERRED_STANDARD_TIER,"Axis Group A partner; annual cap 150,000 EDGE Miles shared across Group A",https://magnify.club/guides/axis-accor-returns-miles-and-more-september-2026/ ; https://traveledge.axis.bank.in/travel/common/termsandcondition,2026-09-25
axis-olympus,AXIS_EDGE_MILES,TURKISH_MILES_SMILES,1,4,4.0,1:4,500,150000,AXIS_TIER_TABLE,INFERRED_STANDARD_TIER,"Axis Group A partner; annual cap 150,000 EDGE Miles shared across Group A",https://magnify.club/guides/axis-accor-returns-miles-and-more-september-2026/ ; https://traveledge.axis.bank.in/travel/common/termsandcondition,2026-09-25
axis-olympus,AXIS_EDGE_MILES,UNITED_MILEAGEPLUS,1,4,4.0,1:4,500,150000,AXIS_TIER_TABLE,INFERRED_STANDARD_TIER,"Axis Group A partner; annual cap 150,000 EDGE Miles shared across Group A",https://magnify.club/guides/axis-accor-returns-miles-and-more-september-2026/ ; https://traveledge.axis.bank.in/travel/common/termsandcondition,2026-09-25
axis-olympus,AXIS_EDGE_MILES,VIETNAM_LOTUSMILES,1,2,2.0,1:2,500,150000,AXIS_TIER_TABLE,EXPLICIT_SOURCE,"Axis Group A partner; annual cap 150,000 EDGE Miles shared across Group A",https://magnify.club/guides/axis-accor-returns-miles-and-more-september-2026/ ; https://traveledge.axis.bank.in/travel/common/termsandcondition,2026-09-25
axis-olympus,AXIS_EDGE_MILES,WYNDHAM_REWARDS,1,4,4.0,1:4,500,150000,AXIS_TIER_TABLE,INFERRED_STANDARD_TIER,"Axis Group A partner; annual cap 150,000 EDGE Miles shared across Group A",https://magnify.club/guides/axis-accor-returns-miles-and-more-september-2026/ ; https://traveledge.axis.bank.in/travel/common/termsandcondition,2026-09-25
axis-olympus,AXIS_EDGE_MILES,AIRASIA_REWARDS,1,4,4.0,1:4,500,600000,AXIS_TIER_TABLE,INFERRED_STANDARD_TIER,"Axis Group B partner; annual cap 600,000 EDGE Miles shared across Group B",https://magnify.club/guides/axis-accor-returns-miles-and-more-september-2026/ ; https://traveledge.axis.bank.in/travel/common/termsandcondition,2026-09-25
axis-olympus,AXIS_EDGE_MILES,HILTON_HONORS,1,4,4.0,1:4,500,600000,AXIS_TIER_TABLE,EXPLICIT_SOURCE,"Axis Group B partner; annual cap 600,000 EDGE Miles shared across Group B",https://magnify.club/guides/axis-accor-returns-miles-and-more-september-2026/ ; https://traveledge.axis.bank.in/travel/common/termsandcondition,2026-09-25
axis-olympus,AXIS_EDGE_MILES,IHG_ONE_REWARDS,1,4,4.0,1:4,500,600000,AXIS_TIER_TABLE,INFERRED_STANDARD_TIER,"Axis Group B partner; annual cap 600,000 EDGE Miles shared across Group B",https://magnify.club/guides/axis-accor-returns-miles-and-more-september-2026/ ; https://traveledge.axis.bank.in/travel/common/termsandcondition,2026-09-25
axis-olympus,AXIS_EDGE_MILES,INDIGO_BLUCHIP,1,2,2.0,1:2,500,600000,AXIS_TIER_TABLE,EXPLICIT_SOURCE,"Axis Group B partner; annual cap 600,000 EDGE Miles shared across Group B; standard ratio only during limited introductory offer, reduced ratio afterwards",https://magnify.club/guides/axis-accor-returns-miles-and-more-september-2026/ ; https://traveledge.axis.bank.in/travel/common/termsandcondition,2026-09-25
axis-olympus,AXIS_EDGE_MILES,MILES_AND_MORE,1,4,4.0,1:4,3000,600000,AXIS_TIER_TABLE,EXPLICIT_SOURCE,"Axis Group B partner; annual cap 600,000 EDGE Miles shared across Group B; also 2,00,000 Miles&More miles/yr limit and min 3,000 miles per transfer",https://magnify.club/guides/axis-accor-returns-miles-and-more-september-2026/ ; https://traveledge.axis.bank.in/travel/common/termsandcondition,2026-09-25
axis-olympus,AXIS_EDGE_MILES,ORCHID_REWARDS,1,4,4.0,1:4,500,600000,AXIS_TIER_TABLE,INFERRED_STANDARD_TIER,"Axis Group B partner; annual cap 600,000 EDGE Miles shared across Group B",https://magnify.club/guides/axis-accor-returns-miles-and-more-september-2026/ ; https://traveledge.axis.bank.in/travel/common/termsandcondition,2026-09-25
axis-olympus,AXIS_EDGE_MILES,POSTCARD_SUNSHINE_CLUB,1,4,4.0,1:4,500,600000,AXIS_TIER_TABLE,INFERRED_STANDARD_TIER,"Axis Group B partner; annual cap 600,000 EDGE Miles shared across Group B",https://magnify.club/guides/axis-accor-returns-miles-and-more-september-2026/ ; https://traveledge.axis.bank.in/travel/common/termsandcondition,2026-09-25
axis-olympus,AXIS_EDGE_MILES,RADISSON_REWARDS,1,4,4.0,1:4,500,600000,AXIS_TIER_TABLE,INFERRED_STANDARD_TIER,"Axis Group B partner; annual cap 600,000 EDGE Miles shared across Group B",https://magnify.club/guides/axis-accor-returns-miles-and-more-september-2026/ ; https://traveledge.axis.bank.in/travel/common/termsandcondition,2026-09-25
axis-olympus,AXIS_EDGE_MILES,SPICEJET_SPICECLUB,1,4,4.0,1:4,500,600000,AXIS_TIER_TABLE,INFERRED_STANDARD_TIER,"Axis Group B partner; annual cap 600,000 EDGE Miles shared across Group B",https://magnify.club/guides/axis-accor-returns-miles-and-more-september-2026/ ; https://traveledge.axis.bank.in/travel/common/termsandcondition,2026-09-25
axis-horizon,AXIS_EDGE_MILES,AEROPLAN,1,1,1.0,1:1,500,100000,AXIS_TIER_TABLE,EXPLICIT_SOURCE,"Axis Group A partner; annual cap 100,000 EDGE Miles shared across Group A",https://magnify.club/guides/axis-accor-returns-miles-and-more-september-2026/ ; https://traveledge.axis.bank.in/travel/common/termsandcondition,2026-09-25
axis-horizon,AXIS_EDGE_MILES,FLYING_BLUE,1,1,1.0,1:1,500,100000,AXIS_TIER_TABLE,EXPLICIT_SOURCE,"Axis Group A partner; annual cap 100,000 EDGE Miles shared across Group A",https://magnify.club/guides/axis-accor-returns-miles-and-more-september-2026/ ; https://traveledge.axis.bank.in/travel/common/termsandcondition,2026-09-25
axis-horizon,AXIS_EDGE_MILES,AIR_INDIA_MAHARAJA,1,1,1.0,1:1,500,100000,AXIS_TIER_TABLE,EXPLICIT_SOURCE,"Axis Group A partner; annual cap 100,000 EDGE Miles shared across Group A",https://magnify.club/guides/axis-accor-returns-miles-and-more-september-2026/ ; https://traveledge.axis.bank.in/travel/common/termsandcondition,2026-09-25
axis-horizon,AXIS_EDGE_MILES,BA_EXECUTIVE_CLUB,2,1,0.5,2:1,500,100000,AXIS_TIER_TABLE,EXPLICIT_SOURCE,"Axis Group A partner; annual cap 100,000 EDGE Miles shared across Group A",https://magnify.club/guides/axis-accor-returns-miles-and-more-september-2026/ ; https://traveledge.axis.bank.in/travel/common/termsandcondition,2026-09-25
axis-horizon,AXIS_EDGE_MILES,ACCOR_ALL,2,1,0.5,2:1,500,100000,AXIS_TIER_TABLE,EXPLICIT_SOURCE,"Axis Group A partner; annual cap 100,000 EDGE Miles shared across Group A",https://magnify.club/guides/axis-accor-returns-miles-and-more-september-2026/ ; https://traveledge.axis.bank.in/travel/common/termsandcondition,2026-09-25
axis-horizon,AXIS_EDGE_MILES,ASIA_MILES,2,1,0.5,2:1,500,100000,AXIS_TIER_TABLE,EXPLICIT_SOURCE,"Axis Group A partner; annual cap 100,000 EDGE Miles shared across Group A",https://magnify.club/guides/axis-accor-returns-miles-and-more-september-2026/ ; https://traveledge.axis.bank.in/travel/common/termsandcondition,2026-09-25
axis-horizon,AXIS_EDGE_MILES,ETHIOPIAN_SHEBAMILES,1,1,1.0,1:1,500,100000,AXIS_TIER_TABLE,INFERRED_STANDARD_TIER,"Axis Group A partner; annual cap 100,000 EDGE Miles shared across Group A",https://magnify.club/guides/axis-accor-returns-miles-and-more-september-2026/ ; https://traveledge.axis.bank.in/travel/common/termsandcondition,2026-09-25
axis-horizon,AXIS_EDGE_MILES,ETIHAD_GUEST,1,1,1.0,1:1,500,100000,AXIS_TIER_TABLE,INFERRED_STANDARD_TIER,"Axis Group A partner; annual cap 100,000 EDGE Miles shared across Group A",https://magnify.club/guides/axis-accor-returns-miles-and-more-september-2026/ ; https://traveledge.axis.bank.in/travel/common/termsandcondition,2026-09-25
axis-horizon,AXIS_EDGE_MILES,FINNAIR_PLUS,2,1,0.5,2:1,500,100000,AXIS_TIER_TABLE,EXPLICIT_SOURCE,"Axis Group A partner; annual cap 100,000 EDGE Miles shared across Group A",https://magnify.club/guides/axis-accor-returns-miles-and-more-september-2026/ ; https://traveledge.axis.bank.in/travel/common/termsandcondition,2026-09-25
axis-horizon,AXIS_EDGE_MILES,JAL_MILEAGE_BANK,1,1,1.0,1:1,500,100000,AXIS_TIER_TABLE,INFERRED_STANDARD_TIER,"Axis Group A partner; annual cap 100,000 EDGE Miles shared across Group A",https://magnify.club/guides/axis-accor-returns-miles-and-more-september-2026/ ; https://traveledge.axis.bank.in/travel/common/termsandcondition,2026-09-25
axis-horizon,AXIS_EDGE_MILES,QANTAS_FREQUENT_FLYER,1,1,1.0,1:1,500,100000,AXIS_TIER_TABLE,EXPLICIT_SOURCE,"Axis Group A partner; annual cap 100,000 EDGE Miles shared across Group A",https://magnify.club/guides/axis-accor-returns-miles-and-more-september-2026/ ; https://traveledge.axis.bank.in/travel/common/termsandcondition,2026-09-25
axis-horizon,AXIS_EDGE_MILES,QATAR_PRIVILEGE_CLUB,2,1,0.5,2:1,500,100000,AXIS_TIER_TABLE,EXPLICIT_SOURCE,"Axis Group A partner; annual cap 100,000 EDGE Miles shared across Group A",https://magnify.club/guides/axis-accor-returns-miles-and-more-september-2026/ ; https://traveledge.axis.bank.in/travel/common/termsandcondition,2026-09-25
axis-horizon,AXIS_EDGE_MILES,KRISFLYER,1,1,1.0,1:1,500,100000,AXIS_TIER_TABLE,EXPLICIT_SOURCE,"Axis Group A partner; annual cap 100,000 EDGE Miles shared across Group A",https://magnify.club/guides/axis-accor-returns-miles-and-more-september-2026/ ; https://traveledge.axis.bank.in/travel/common/termsandcondition,2026-09-25
axis-horizon,AXIS_EDGE_MILES,THAI_ROYAL_ORCHID,1,1,1.0,1:1,500,100000,AXIS_TIER_TABLE,INFERRED_STANDARD_TIER,"Axis Group A partner; annual cap 100,000 EDGE Miles shared across Group A",https://magnify.club/guides/axis-accor-returns-miles-and-more-september-2026/ ; https://traveledge.axis.bank.in/travel/common/termsandcondition,2026-09-25
axis-horizon,AXIS_EDGE_MILES,TURKISH_MILES_SMILES,1,1,1.0,1:1,500,100000,AXIS_TIER_TABLE,INFERRED_STANDARD_TIER,"Axis Group A partner; annual cap 100,000 EDGE Miles shared across Group A",https://magnify.club/guides/axis-accor-returns-miles-and-more-september-2026/ ; https://traveledge.axis.bank.in/travel/common/termsandcondition,2026-09-25
axis-horizon,AXIS_EDGE_MILES,UNITED_MILEAGEPLUS,1,1,1.0,1:1,500,100000,AXIS_TIER_TABLE,INFERRED_STANDARD_TIER,"Axis Group A partner; annual cap 100,000 EDGE Miles shared across Group A",https://magnify.club/guides/axis-accor-returns-miles-and-more-september-2026/ ; https://traveledge.axis.bank.in/travel/common/termsandcondition,2026-09-25
axis-horizon,AXIS_EDGE_MILES,VIETNAM_LOTUSMILES,2,1,0.5,2:1,500,100000,AXIS_TIER_TABLE,EXPLICIT_SOURCE,"Axis Group A partner; annual cap 100,000 EDGE Miles shared across Group A",https://magnify.club/guides/axis-accor-returns-miles-and-more-september-2026/ ; https://traveledge.axis.bank.in/travel/common/termsandcondition,2026-09-25
axis-horizon,AXIS_EDGE_MILES,WYNDHAM_REWARDS,1,1,1.0,1:1,500,100000,AXIS_TIER_TABLE,INFERRED_STANDARD_TIER,"Axis Group A partner; annual cap 100,000 EDGE Miles shared across Group A",https://magnify.club/guides/axis-accor-returns-miles-and-more-september-2026/ ; https://traveledge.axis.bank.in/travel/common/termsandcondition,2026-09-25
axis-horizon,AXIS_EDGE_MILES,AIRASIA_REWARDS,1,1,1.0,1:1,500,400000,AXIS_TIER_TABLE,INFERRED_STANDARD_TIER,"Axis Group B partner; annual cap 400,000 EDGE Miles shared across Group B",https://magnify.club/guides/axis-accor-returns-miles-and-more-september-2026/ ; https://traveledge.axis.bank.in/travel/common/termsandcondition,2026-09-25
axis-horizon,AXIS_EDGE_MILES,HILTON_HONORS,1,1,1.0,1:1,500,400000,AXIS_TIER_TABLE,EXPLICIT_SOURCE,"Axis Group B partner; annual cap 400,000 EDGE Miles shared across Group B",https://magnify.club/guides/axis-accor-returns-miles-and-more-september-2026/ ; https://traveledge.axis.bank.in/travel/common/termsandcondition,2026-09-25
axis-horizon,AXIS_EDGE_MILES,IHG_ONE_REWARDS,1,1,1.0,1:1,500,400000,AXIS_TIER_TABLE,INFERRED_STANDARD_TIER,"Axis Group B partner; annual cap 400,000 EDGE Miles shared across Group B",https://magnify.club/guides/axis-accor-returns-miles-and-more-september-2026/ ; https://traveledge.axis.bank.in/travel/common/termsandcondition,2026-09-25
axis-horizon,AXIS_EDGE_MILES,INDIGO_BLUCHIP,2,1,0.5,2:1,500,400000,AXIS_TIER_TABLE,EXPLICIT_SOURCE,"Axis Group B partner; annual cap 400,000 EDGE Miles shared across Group B; standard ratio only during limited introductory offer, reduced ratio afterwards",https://magnify.club/guides/axis-accor-returns-miles-and-more-september-2026/ ; https://traveledge.axis.bank.in/travel/common/termsandcondition,2026-09-25
axis-horizon,AXIS_EDGE_MILES,MILES_AND_MORE,1,1,1.0,1:1,3000,400000,AXIS_TIER_TABLE,EXPLICIT_SOURCE,"Axis Group B partner; annual cap 400,000 EDGE Miles shared across Group B; also 2,00,000 Miles&More miles/yr limit and min 3,000 miles per transfer",https://magnify.club/guides/axis-accor-returns-miles-and-more-september-2026/ ; https://traveledge.axis.bank.in/travel/common/termsandcondition,2026-09-25
axis-horizon,AXIS_EDGE_MILES,ORCHID_REWARDS,1,1,1.0,1:1,500,400000,AXIS_TIER_TABLE,INFERRED_STANDARD_TIER,"Axis Group B partner; annual cap 400,000 EDGE Miles shared across Group B",https://magnify.club/guides/axis-accor-returns-miles-and-more-september-2026/ ; https://traveledge.axis.bank.in/travel/common/termsandcondition,2026-09-25
axis-horizon,AXIS_EDGE_MILES,POSTCARD_SUNSHINE_CLUB,1,1,1.0,1:1,500,400000,AXIS_TIER_TABLE,INFERRED_STANDARD_TIER,"Axis Group B partner; annual cap 400,000 EDGE Miles shared across Group B",https://magnify.club/guides/axis-accor-returns-miles-and-more-september-2026/ ; https://traveledge.axis.bank.in/travel/common/termsandcondition,2026-09-25
axis-horizon,AXIS_EDGE_MILES,RADISSON_REWARDS,1,1,1.0,1:1,500,400000,AXIS_TIER_TABLE,INFERRED_STANDARD_TIER,"Axis Group B partner; annual cap 400,000 EDGE Miles shared across Group B",https://magnify.club/guides/axis-accor-returns-miles-and-more-september-2026/ ; https://traveledge.axis.bank.in/travel/common/termsandcondition,2026-09-25
axis-horizon,AXIS_EDGE_MILES,SPICEJET_SPICECLUB,1,1,1.0,1:1,500,400000,AXIS_TIER_TABLE,INFERRED_STANDARD_TIER,"Axis Group B partner; annual cap 400,000 EDGE Miles shared across Group B",https://magnify.club/guides/axis-accor-returns-miles-and-more-september-2026/ ; https://traveledge.axis.bank.in/travel/common/termsandcondition,2026-09-25
axis-indianoil-premium,AXIS_EDGE_MILES,AEROPLAN,2,1,0.5,2:1,500,100000,AXIS_TIER_TABLE,EXPLICIT_SOURCE,"Axis Group A partner; annual cap 100,000 EDGE Miles shared across Group A",https://magnify.club/guides/axis-accor-returns-miles-and-more-september-2026/ ; https://traveledge.axis.bank.in/travel/common/termsandcondition,2026-09-25
axis-indianoil-premium,AXIS_EDGE_MILES,FLYING_BLUE,2,1,0.5,2:1,500,100000,AXIS_TIER_TABLE,EXPLICIT_SOURCE,"Axis Group A partner; annual cap 100,000 EDGE Miles shared across Group A",https://magnify.club/guides/axis-accor-returns-miles-and-more-september-2026/ ; https://traveledge.axis.bank.in/travel/common/termsandcondition,2026-09-25
axis-indianoil-premium,AXIS_EDGE_MILES,AIR_INDIA_MAHARAJA,2,1,0.5,2:1,500,100000,AXIS_TIER_TABLE,EXPLICIT_SOURCE,"Axis Group A partner; annual cap 100,000 EDGE Miles shared across Group A",https://magnify.club/guides/axis-accor-returns-miles-and-more-september-2026/ ; https://traveledge.axis.bank.in/travel/common/termsandcondition,2026-09-25
axis-indianoil-premium,AXIS_EDGE_MILES,BA_EXECUTIVE_CLUB,2,1,0.5,2:1,500,100000,AXIS_TIER_TABLE,EXPLICIT_SOURCE,"Axis Group A partner; annual cap 100,000 EDGE Miles shared across Group A",https://magnify.club/guides/axis-accor-returns-miles-and-more-september-2026/ ; https://traveledge.axis.bank.in/travel/common/termsandcondition,2026-09-25
axis-indianoil-premium,AXIS_EDGE_MILES,ACCOR_ALL,2,1,0.5,2:1,500,100000,AXIS_TIER_TABLE,EXPLICIT_SOURCE,"Axis Group A partner; annual cap 100,000 EDGE Miles shared across Group A",https://magnify.club/guides/axis-accor-returns-miles-and-more-september-2026/ ; https://traveledge.axis.bank.in/travel/common/termsandcondition,2026-09-25
axis-indianoil-premium,AXIS_EDGE_MILES,ASIA_MILES,2,1,0.5,2:1,500,100000,AXIS_TIER_TABLE,EXPLICIT_SOURCE,"Axis Group A partner; annual cap 100,000 EDGE Miles shared across Group A",https://magnify.club/guides/axis-accor-returns-miles-and-more-september-2026/ ; https://traveledge.axis.bank.in/travel/common/termsandcondition,2026-09-25
axis-indianoil-premium,AXIS_EDGE_MILES,ETHIOPIAN_SHEBAMILES,2,1,0.5,2:1,500,100000,AXIS_TIER_TABLE,INFERRED_STANDARD_TIER,"Axis Group A partner; annual cap 100,000 EDGE Miles shared across Group A",https://magnify.club/guides/axis-accor-returns-miles-and-more-september-2026/ ; https://traveledge.axis.bank.in/travel/common/termsandcondition,2026-09-25
axis-indianoil-premium,AXIS_EDGE_MILES,ETIHAD_GUEST,2,1,0.5,2:1,500,100000,AXIS_TIER_TABLE,INFERRED_STANDARD_TIER,"Axis Group A partner; annual cap 100,000 EDGE Miles shared across Group A",https://magnify.club/guides/axis-accor-returns-miles-and-more-september-2026/ ; https://traveledge.axis.bank.in/travel/common/termsandcondition,2026-09-25
axis-indianoil-premium,AXIS_EDGE_MILES,FINNAIR_PLUS,2,1,0.5,2:1,500,100000,AXIS_TIER_TABLE,EXPLICIT_SOURCE,"Axis Group A partner; annual cap 100,000 EDGE Miles shared across Group A",https://magnify.club/guides/axis-accor-returns-miles-and-more-september-2026/ ; https://traveledge.axis.bank.in/travel/common/termsandcondition,2026-09-25
axis-indianoil-premium,AXIS_EDGE_MILES,JAL_MILEAGE_BANK,2,1,0.5,2:1,500,100000,AXIS_TIER_TABLE,INFERRED_STANDARD_TIER,"Axis Group A partner; annual cap 100,000 EDGE Miles shared across Group A",https://magnify.club/guides/axis-accor-returns-miles-and-more-september-2026/ ; https://traveledge.axis.bank.in/travel/common/termsandcondition,2026-09-25
axis-indianoil-premium,AXIS_EDGE_MILES,QANTAS_FREQUENT_FLYER,2,1,0.5,2:1,500,100000,AXIS_TIER_TABLE,EXPLICIT_SOURCE,"Axis Group A partner; annual cap 100,000 EDGE Miles shared across Group A",https://magnify.club/guides/axis-accor-returns-miles-and-more-september-2026/ ; https://traveledge.axis.bank.in/travel/common/termsandcondition,2026-09-25
axis-indianoil-premium,AXIS_EDGE_MILES,QATAR_PRIVILEGE_CLUB,2,1,0.5,2:1,500,100000,AXIS_TIER_TABLE,EXPLICIT_SOURCE,"Axis Group A partner; annual cap 100,000 EDGE Miles shared across Group A",https://magnify.club/guides/axis-accor-returns-miles-and-more-september-2026/ ; https://traveledge.axis.bank.in/travel/common/termsandcondition,2026-09-25
axis-indianoil-premium,AXIS_EDGE_MILES,KRISFLYER,2,1,0.5,2:1,500,100000,AXIS_TIER_TABLE,EXPLICIT_SOURCE,"Axis Group A partner; annual cap 100,000 EDGE Miles shared across Group A",https://magnify.club/guides/axis-accor-returns-miles-and-more-september-2026/ ; https://traveledge.axis.bank.in/travel/common/termsandcondition,2026-09-25
axis-indianoil-premium,AXIS_EDGE_MILES,THAI_ROYAL_ORCHID,2,1,0.5,2:1,500,100000,AXIS_TIER_TABLE,INFERRED_STANDARD_TIER,"Axis Group A partner; annual cap 100,000 EDGE Miles shared across Group A",https://magnify.club/guides/axis-accor-returns-miles-and-more-september-2026/ ; https://traveledge.axis.bank.in/travel/common/termsandcondition,2026-09-25
axis-indianoil-premium,AXIS_EDGE_MILES,TURKISH_MILES_SMILES,2,1,0.5,2:1,500,100000,AXIS_TIER_TABLE,INFERRED_STANDARD_TIER,"Axis Group A partner; annual cap 100,000 EDGE Miles shared across Group A",https://magnify.club/guides/axis-accor-returns-miles-and-more-september-2026/ ; https://traveledge.axis.bank.in/travel/common/termsandcondition,2026-09-25
axis-indianoil-premium,AXIS_EDGE_MILES,UNITED_MILEAGEPLUS,2,1,0.5,2:1,500,100000,AXIS_TIER_TABLE,INFERRED_STANDARD_TIER,"Axis Group A partner; annual cap 100,000 EDGE Miles shared across Group A",https://magnify.club/guides/axis-accor-returns-miles-and-more-september-2026/ ; https://traveledge.axis.bank.in/travel/common/termsandcondition,2026-09-25
axis-indianoil-premium,AXIS_EDGE_MILES,VIETNAM_LOTUSMILES,2,1,0.5,2:1,500,100000,AXIS_TIER_TABLE,EXPLICIT_SOURCE,"Axis Group A partner; annual cap 100,000 EDGE Miles shared across Group A",https://magnify.club/guides/axis-accor-returns-miles-and-more-september-2026/ ; https://traveledge.axis.bank.in/travel/common/termsandcondition,2026-09-25
axis-indianoil-premium,AXIS_EDGE_MILES,WYNDHAM_REWARDS,2,1,0.5,2:1,500,100000,AXIS_TIER_TABLE,INFERRED_STANDARD_TIER,"Axis Group A partner; annual cap 100,000 EDGE Miles shared across Group A",https://magnify.club/guides/axis-accor-returns-miles-and-more-september-2026/ ; https://traveledge.axis.bank.in/travel/common/termsandcondition,2026-09-25
axis-indianoil-premium,AXIS_EDGE_MILES,AIRASIA_REWARDS,2,1,0.5,2:1,500,400000,AXIS_TIER_TABLE,INFERRED_STANDARD_TIER,"Axis Group B partner; annual cap 400,000 EDGE Miles shared across Group B",https://magnify.club/guides/axis-accor-returns-miles-and-more-september-2026/ ; https://traveledge.axis.bank.in/travel/common/termsandcondition,2026-09-25
axis-indianoil-premium,AXIS_EDGE_MILES,HILTON_HONORS,2,1,0.5,2:1,500,400000,AXIS_TIER_TABLE,EXPLICIT_SOURCE,"Axis Group B partner; annual cap 400,000 EDGE Miles shared across Group B",https://magnify.club/guides/axis-accor-returns-miles-and-more-september-2026/ ; https://traveledge.axis.bank.in/travel/common/termsandcondition,2026-09-25
axis-indianoil-premium,AXIS_EDGE_MILES,IHG_ONE_REWARDS,2,1,0.5,2:1,500,400000,AXIS_TIER_TABLE,INFERRED_STANDARD_TIER,"Axis Group B partner; annual cap 400,000 EDGE Miles shared across Group B",https://magnify.club/guides/axis-accor-returns-miles-and-more-september-2026/ ; https://traveledge.axis.bank.in/travel/common/termsandcondition,2026-09-25
axis-indianoil-premium,AXIS_EDGE_MILES,INDIGO_BLUCHIP,2,1,0.5,2:1,500,400000,AXIS_TIER_TABLE,EXPLICIT_SOURCE,"Axis Group B partner; annual cap 400,000 EDGE Miles shared across Group B; standard ratio only during limited introductory offer, reduced ratio afterwards",https://magnify.club/guides/axis-accor-returns-miles-and-more-september-2026/ ; https://traveledge.axis.bank.in/travel/common/termsandcondition,2026-09-25
axis-indianoil-premium,AXIS_EDGE_MILES,MILES_AND_MORE,2,1,0.5,2:1,3000,400000,AXIS_TIER_TABLE,EXPLICIT_SOURCE,"Axis Group B partner; annual cap 400,000 EDGE Miles shared across Group B; also 2,00,000 Miles&More miles/yr limit and min 3,000 miles per transfer",https://magnify.club/guides/axis-accor-returns-miles-and-more-september-2026/ ; https://traveledge.axis.bank.in/travel/common/termsandcondition,2026-09-25
axis-indianoil-premium,AXIS_EDGE_MILES,ORCHID_REWARDS,2,1,0.5,2:1,500,400000,AXIS_TIER_TABLE,INFERRED_STANDARD_TIER,"Axis Group B partner; annual cap 400,000 EDGE Miles shared across Group B",https://magnify.club/guides/axis-accor-returns-miles-and-more-september-2026/ ; https://traveledge.axis.bank.in/travel/common/termsandcondition,2026-09-25
axis-indianoil-premium,AXIS_EDGE_MILES,POSTCARD_SUNSHINE_CLUB,2,1,0.5,2:1,500,400000,AXIS_TIER_TABLE,INFERRED_STANDARD_TIER,"Axis Group B partner; annual cap 400,000 EDGE Miles shared across Group B",https://magnify.club/guides/axis-accor-returns-miles-and-more-september-2026/ ; https://traveledge.axis.bank.in/travel/common/termsandcondition,2026-09-25
axis-indianoil-premium,AXIS_EDGE_MILES,RADISSON_REWARDS,2,1,0.5,2:1,500,400000,AXIS_TIER_TABLE,INFERRED_STANDARD_TIER,"Axis Group B partner; annual cap 400,000 EDGE Miles shared across Group B",https://magnify.club/guides/axis-accor-returns-miles-and-more-september-2026/ ; https://traveledge.axis.bank.in/travel/common/termsandcondition,2026-09-25
axis-indianoil-premium,AXIS_EDGE_MILES,SPICEJET_SPICECLUB,2,1,0.5,2:1,500,400000,AXIS_TIER_TABLE,INFERRED_STANDARD_TIER,"Axis Group B partner; annual cap 400,000 EDGE Miles shared across Group B",https://magnify.club/guides/axis-accor-returns-miles-and-more-september-2026/ ; https://traveledge.axis.bank.in/travel/common/termsandcondition,2026-09-25
axis-magnus,AXIS_EDGE_RP,AEROPLAN,5,2,0.4,5:2,300,100000,AXIS_TIER_TABLE,EXPLICIT_SOURCE,"Axis Group A partner; annual cap 100,000 EDGE points shared across Group A",https://magnify.club/guides/axis-accor-returns-miles-and-more-september-2026/ ; https://traveledge.axis.bank.in/travel/common/termsandcondition,2026-09-25
axis-magnus,AXIS_EDGE_RP,FLYING_BLUE,5,2,0.4,5:2,300,100000,AXIS_TIER_TABLE,EXPLICIT_SOURCE,"Axis Group A partner; annual cap 100,000 EDGE points shared across Group A",https://magnify.club/guides/axis-accor-returns-miles-and-more-september-2026/ ; https://traveledge.axis.bank.in/travel/common/termsandcondition,2026-09-25
axis-magnus,AXIS_EDGE_RP,AIR_INDIA_MAHARAJA,5,2,0.4,5:2,300,100000,AXIS_TIER_TABLE,EXPLICIT_SOURCE,"Axis Group A partner; annual cap 100,000 EDGE points shared across Group A",https://magnify.club/guides/axis-accor-returns-miles-and-more-september-2026/ ; https://traveledge.axis.bank.in/travel/common/termsandcondition,2026-09-25
axis-magnus,AXIS_EDGE_RP,BA_EXECUTIVE_CLUB,5,1,0.2,5:1,300,100000,AXIS_TIER_TABLE,EXPLICIT_SOURCE,"Axis Group A partner; annual cap 100,000 EDGE points shared across Group A",https://magnify.club/guides/axis-accor-returns-miles-and-more-september-2026/ ; https://traveledge.axis.bank.in/travel/common/termsandcondition,2026-09-25
axis-magnus,AXIS_EDGE_RP,ACCOR_ALL,5,1,0.2,5:1,300,100000,AXIS_TIER_TABLE,EXPLICIT_SOURCE,"Axis Group A partner; annual cap 100,000 EDGE points shared across Group A",https://magnify.club/guides/axis-accor-returns-miles-and-more-september-2026/ ; https://traveledge.axis.bank.in/travel/common/termsandcondition,2026-09-25
axis-magnus,AXIS_EDGE_RP,ASIA_MILES,5,1,0.2,5:1,300,100000,AXIS_TIER_TABLE,EXPLICIT_SOURCE,"Axis Group A partner; annual cap 100,000 EDGE points shared across Group A",https://magnify.club/guides/axis-accor-returns-miles-and-more-september-2026/ ; https://traveledge.axis.bank.in/travel/common/termsandcondition,2026-09-25
axis-magnus,AXIS_EDGE_RP,ETHIOPIAN_SHEBAMILES,5,2,0.4,5:2,300,100000,AXIS_TIER_TABLE,INFERRED_STANDARD_TIER,"Axis Group A partner; annual cap 100,000 EDGE points shared across Group A",https://magnify.club/guides/axis-accor-returns-miles-and-more-september-2026/ ; https://traveledge.axis.bank.in/travel/common/termsandcondition,2026-09-25
axis-magnus,AXIS_EDGE_RP,ETIHAD_GUEST,5,2,0.4,5:2,300,100000,AXIS_TIER_TABLE,INFERRED_STANDARD_TIER,"Axis Group A partner; annual cap 100,000 EDGE points shared across Group A",https://magnify.club/guides/axis-accor-returns-miles-and-more-september-2026/ ; https://traveledge.axis.bank.in/travel/common/termsandcondition,2026-09-25
axis-magnus,AXIS_EDGE_RP,FINNAIR_PLUS,5,1,0.2,5:1,300,100000,AXIS_TIER_TABLE,EXPLICIT_SOURCE,"Axis Group A partner; annual cap 100,000 EDGE points shared across Group A",https://magnify.club/guides/axis-accor-returns-miles-and-more-september-2026/ ; https://traveledge.axis.bank.in/travel/common/termsandcondition,2026-09-25
axis-magnus,AXIS_EDGE_RP,JAL_MILEAGE_BANK,5,2,0.4,5:2,300,100000,AXIS_TIER_TABLE,INFERRED_STANDARD_TIER,"Axis Group A partner; annual cap 100,000 EDGE points shared across Group A",https://magnify.club/guides/axis-accor-returns-miles-and-more-september-2026/ ; https://traveledge.axis.bank.in/travel/common/termsandcondition,2026-09-25
axis-magnus,AXIS_EDGE_RP,QANTAS_FREQUENT_FLYER,5,2,0.4,5:2,300,100000,AXIS_TIER_TABLE,EXPLICIT_SOURCE,"Axis Group A partner; annual cap 100,000 EDGE points shared across Group A",https://magnify.club/guides/axis-accor-returns-miles-and-more-september-2026/ ; https://traveledge.axis.bank.in/travel/common/termsandcondition,2026-09-25
axis-magnus,AXIS_EDGE_RP,QATAR_PRIVILEGE_CLUB,5,1,0.2,5:1,300,100000,AXIS_TIER_TABLE,EXPLICIT_SOURCE,"Axis Group A partner; annual cap 100,000 EDGE points shared across Group A",https://magnify.club/guides/axis-accor-returns-miles-and-more-september-2026/ ; https://traveledge.axis.bank.in/travel/common/termsandcondition,2026-09-25
axis-magnus,AXIS_EDGE_RP,KRISFLYER,5,2,0.4,5:2,300,100000,AXIS_TIER_TABLE,EXPLICIT_SOURCE,"Axis Group A partner; annual cap 100,000 EDGE points shared across Group A",https://magnify.club/guides/axis-accor-returns-miles-and-more-september-2026/ ; https://traveledge.axis.bank.in/travel/common/termsandcondition,2026-09-25
axis-magnus,AXIS_EDGE_RP,THAI_ROYAL_ORCHID,5,2,0.4,5:2,300,100000,AXIS_TIER_TABLE,INFERRED_STANDARD_TIER,"Axis Group A partner; annual cap 100,000 EDGE points shared across Group A",https://magnify.club/guides/axis-accor-returns-miles-and-more-september-2026/ ; https://traveledge.axis.bank.in/travel/common/termsandcondition,2026-09-25
axis-magnus,AXIS_EDGE_RP,TURKISH_MILES_SMILES,5,2,0.4,5:2,300,100000,AXIS_TIER_TABLE,INFERRED_STANDARD_TIER,"Axis Group A partner; annual cap 100,000 EDGE points shared across Group A",https://magnify.club/guides/axis-accor-returns-miles-and-more-september-2026/ ; https://traveledge.axis.bank.in/travel/common/termsandcondition,2026-09-25
axis-magnus,AXIS_EDGE_RP,UNITED_MILEAGEPLUS,5,2,0.4,5:2,300,100000,AXIS_TIER_TABLE,INFERRED_STANDARD_TIER,"Axis Group A partner; annual cap 100,000 EDGE points shared across Group A",https://magnify.club/guides/axis-accor-returns-miles-and-more-september-2026/ ; https://traveledge.axis.bank.in/travel/common/termsandcondition,2026-09-25
axis-magnus,AXIS_EDGE_RP,VIETNAM_LOTUSMILES,5,1,0.2,5:1,300,100000,AXIS_TIER_TABLE,EXPLICIT_SOURCE,"Axis Group A partner; annual cap 100,000 EDGE points shared across Group A",https://magnify.club/guides/axis-accor-returns-miles-and-more-september-2026/ ; https://traveledge.axis.bank.in/travel/common/termsandcondition,2026-09-25
axis-magnus,AXIS_EDGE_RP,WYNDHAM_REWARDS,5,2,0.4,5:2,300,100000,AXIS_TIER_TABLE,INFERRED_STANDARD_TIER,"Axis Group A partner; annual cap 100,000 EDGE points shared across Group A",https://magnify.club/guides/axis-accor-returns-miles-and-more-september-2026/ ; https://traveledge.axis.bank.in/travel/common/termsandcondition,2026-09-25
axis-magnus,AXIS_EDGE_RP,AIRASIA_REWARDS,5,2,0.4,5:2,300,400000,AXIS_TIER_TABLE,INFERRED_STANDARD_TIER,"Axis Group B partner; annual cap 400,000 EDGE points shared across Group B",https://magnify.club/guides/axis-accor-returns-miles-and-more-september-2026/ ; https://traveledge.axis.bank.in/travel/common/termsandcondition,2026-09-25
axis-magnus,AXIS_EDGE_RP,HILTON_HONORS,5,2,0.4,5:2,300,400000,AXIS_TIER_TABLE,EXPLICIT_SOURCE,"Axis Group B partner; annual cap 400,000 EDGE points shared across Group B",https://magnify.club/guides/axis-accor-returns-miles-and-more-september-2026/ ; https://traveledge.axis.bank.in/travel/common/termsandcondition,2026-09-25
axis-magnus,AXIS_EDGE_RP,IHG_ONE_REWARDS,5,2,0.4,5:2,300,400000,AXIS_TIER_TABLE,INFERRED_STANDARD_TIER,"Axis Group B partner; annual cap 400,000 EDGE points shared across Group B",https://magnify.club/guides/axis-accor-returns-miles-and-more-september-2026/ ; https://traveledge.axis.bank.in/travel/common/termsandcondition,2026-09-25
axis-magnus,AXIS_EDGE_RP,INDIGO_BLUCHIP,5,1,0.2,5:1,300,400000,AXIS_TIER_TABLE,EXPLICIT_SOURCE,"Axis Group B partner; annual cap 400,000 EDGE points shared across Group B; standard ratio only during limited introductory offer, reduced ratio afterwards",https://magnify.club/guides/axis-accor-returns-miles-and-more-september-2026/ ; https://traveledge.axis.bank.in/travel/common/termsandcondition,2026-09-25
axis-magnus,AXIS_EDGE_RP,MILES_AND_MORE,5,2,0.4,5:2,3000,400000,AXIS_TIER_TABLE,EXPLICIT_SOURCE,"Axis Group B partner; annual cap 400,000 EDGE points shared across Group B; also 2,00,000 Miles&More miles/yr limit and min 3,000 miles per transfer",https://magnify.club/guides/axis-accor-returns-miles-and-more-september-2026/ ; https://traveledge.axis.bank.in/travel/common/termsandcondition,2026-09-25
axis-magnus,AXIS_EDGE_RP,ORCHID_REWARDS,5,2,0.4,5:2,300,400000,AXIS_TIER_TABLE,INFERRED_STANDARD_TIER,"Axis Group B partner; annual cap 400,000 EDGE points shared across Group B",https://magnify.club/guides/axis-accor-returns-miles-and-more-september-2026/ ; https://traveledge.axis.bank.in/travel/common/termsandcondition,2026-09-25
axis-magnus,AXIS_EDGE_RP,POSTCARD_SUNSHINE_CLUB,5,2,0.4,5:2,300,400000,AXIS_TIER_TABLE,INFERRED_STANDARD_TIER,"Axis Group B partner; annual cap 400,000 EDGE points shared across Group B",https://magnify.club/guides/axis-accor-returns-miles-and-more-september-2026/ ; https://traveledge.axis.bank.in/travel/common/termsandcondition,2026-09-25
axis-magnus,AXIS_EDGE_RP,RADISSON_REWARDS,5,2,0.4,5:2,300,400000,AXIS_TIER_TABLE,INFERRED_STANDARD_TIER,"Axis Group B partner; annual cap 400,000 EDGE points shared across Group B",https://magnify.club/guides/axis-accor-returns-miles-and-more-september-2026/ ; https://traveledge.axis.bank.in/travel/common/termsandcondition,2026-09-25
axis-magnus,AXIS_EDGE_RP,SPICEJET_SPICECLUB,5,2,0.4,5:2,300,400000,AXIS_TIER_TABLE,INFERRED_STANDARD_TIER,"Axis Group B partner; annual cap 400,000 EDGE points shared across Group B",https://magnify.club/guides/axis-accor-returns-miles-and-more-september-2026/ ; https://traveledge.axis.bank.in/travel/common/termsandcondition,2026-09-25
axis-reserve,AXIS_EDGE_RP,AEROPLAN,5,2,0.4,5:2,300,100000,AXIS_TIER_TABLE,EXPLICIT_SOURCE,"Axis Group A partner; annual cap 100,000 EDGE points shared across Group A",https://magnify.club/guides/axis-accor-returns-miles-and-more-september-2026/ ; https://traveledge.axis.bank.in/travel/common/termsandcondition,2026-09-25
axis-reserve,AXIS_EDGE_RP,FLYING_BLUE,5,2,0.4,5:2,300,100000,AXIS_TIER_TABLE,EXPLICIT_SOURCE,"Axis Group A partner; annual cap 100,000 EDGE points shared across Group A",https://magnify.club/guides/axis-accor-returns-miles-and-more-september-2026/ ; https://traveledge.axis.bank.in/travel/common/termsandcondition,2026-09-25
axis-reserve,AXIS_EDGE_RP,AIR_INDIA_MAHARAJA,5,2,0.4,5:2,300,100000,AXIS_TIER_TABLE,EXPLICIT_SOURCE,"Axis Group A partner; annual cap 100,000 EDGE points shared across Group A",https://magnify.club/guides/axis-accor-returns-miles-and-more-september-2026/ ; https://traveledge.axis.bank.in/travel/common/termsandcondition,2026-09-25
axis-reserve,AXIS_EDGE_RP,BA_EXECUTIVE_CLUB,5,1,0.2,5:1,300,100000,AXIS_TIER_TABLE,EXPLICIT_SOURCE,"Axis Group A partner; annual cap 100,000 EDGE points shared across Group A",https://magnify.club/guides/axis-accor-returns-miles-and-more-september-2026/ ; https://traveledge.axis.bank.in/travel/common/termsandcondition,2026-09-25
axis-reserve,AXIS_EDGE_RP,ACCOR_ALL,5,1,0.2,5:1,300,100000,AXIS_TIER_TABLE,EXPLICIT_SOURCE,"Axis Group A partner; annual cap 100,000 EDGE points shared across Group A",https://magnify.club/guides/axis-accor-returns-miles-and-more-september-2026/ ; https://traveledge.axis.bank.in/travel/common/termsandcondition,2026-09-25
axis-reserve,AXIS_EDGE_RP,ASIA_MILES,5,1,0.2,5:1,300,100000,AXIS_TIER_TABLE,EXPLICIT_SOURCE,"Axis Group A partner; annual cap 100,000 EDGE points shared across Group A",https://magnify.club/guides/axis-accor-returns-miles-and-more-september-2026/ ; https://traveledge.axis.bank.in/travel/common/termsandcondition,2026-09-25
axis-reserve,AXIS_EDGE_RP,ETHIOPIAN_SHEBAMILES,5,2,0.4,5:2,300,100000,AXIS_TIER_TABLE,INFERRED_STANDARD_TIER,"Axis Group A partner; annual cap 100,000 EDGE points shared across Group A",https://magnify.club/guides/axis-accor-returns-miles-and-more-september-2026/ ; https://traveledge.axis.bank.in/travel/common/termsandcondition,2026-09-25
axis-reserve,AXIS_EDGE_RP,ETIHAD_GUEST,5,2,0.4,5:2,300,100000,AXIS_TIER_TABLE,INFERRED_STANDARD_TIER,"Axis Group A partner; annual cap 100,000 EDGE points shared across Group A",https://magnify.club/guides/axis-accor-returns-miles-and-more-september-2026/ ; https://traveledge.axis.bank.in/travel/common/termsandcondition,2026-09-25
axis-reserve,AXIS_EDGE_RP,FINNAIR_PLUS,5,1,0.2,5:1,300,100000,AXIS_TIER_TABLE,EXPLICIT_SOURCE,"Axis Group A partner; annual cap 100,000 EDGE points shared across Group A",https://magnify.club/guides/axis-accor-returns-miles-and-more-september-2026/ ; https://traveledge.axis.bank.in/travel/common/termsandcondition,2026-09-25
axis-reserve,AXIS_EDGE_RP,JAL_MILEAGE_BANK,5,2,0.4,5:2,300,100000,AXIS_TIER_TABLE,INFERRED_STANDARD_TIER,"Axis Group A partner; annual cap 100,000 EDGE points shared across Group A",https://magnify.club/guides/axis-accor-returns-miles-and-more-september-2026/ ; https://traveledge.axis.bank.in/travel/common/termsandcondition,2026-09-25
axis-reserve,AXIS_EDGE_RP,QANTAS_FREQUENT_FLYER,5,2,0.4,5:2,300,100000,AXIS_TIER_TABLE,EXPLICIT_SOURCE,"Axis Group A partner; annual cap 100,000 EDGE points shared across Group A",https://magnify.club/guides/axis-accor-returns-miles-and-more-september-2026/ ; https://traveledge.axis.bank.in/travel/common/termsandcondition,2026-09-25
axis-reserve,AXIS_EDGE_RP,QATAR_PRIVILEGE_CLUB,5,1,0.2,5:1,300,100000,AXIS_TIER_TABLE,EXPLICIT_SOURCE,"Axis Group A partner; annual cap 100,000 EDGE points shared across Group A",https://magnify.club/guides/axis-accor-returns-miles-and-more-september-2026/ ; https://traveledge.axis.bank.in/travel/common/termsandcondition,2026-09-25
axis-reserve,AXIS_EDGE_RP,KRISFLYER,5,2,0.4,5:2,300,100000,AXIS_TIER_TABLE,EXPLICIT_SOURCE,"Axis Group A partner; annual cap 100,000 EDGE points shared across Group A",https://magnify.club/guides/axis-accor-returns-miles-and-more-september-2026/ ; https://traveledge.axis.bank.in/travel/common/termsandcondition,2026-09-25
axis-reserve,AXIS_EDGE_RP,THAI_ROYAL_ORCHID,5,2,0.4,5:2,300,100000,AXIS_TIER_TABLE,INFERRED_STANDARD_TIER,"Axis Group A partner; annual cap 100,000 EDGE points shared across Group A",https://magnify.club/guides/axis-accor-returns-miles-and-more-september-2026/ ; https://traveledge.axis.bank.in/travel/common/termsandcondition,2026-09-25
axis-reserve,AXIS_EDGE_RP,TURKISH_MILES_SMILES,5,2,0.4,5:2,300,100000,AXIS_TIER_TABLE,INFERRED_STANDARD_TIER,"Axis Group A partner; annual cap 100,000 EDGE points shared across Group A",https://magnify.club/guides/axis-accor-returns-miles-and-more-september-2026/ ; https://traveledge.axis.bank.in/travel/common/termsandcondition,2026-09-25
axis-reserve,AXIS_EDGE_RP,UNITED_MILEAGEPLUS,5,2,0.4,5:2,300,100000,AXIS_TIER_TABLE,INFERRED_STANDARD_TIER,"Axis Group A partner; annual cap 100,000 EDGE points shared across Group A",https://magnify.club/guides/axis-accor-returns-miles-and-more-september-2026/ ; https://traveledge.axis.bank.in/travel/common/termsandcondition,2026-09-25
axis-reserve,AXIS_EDGE_RP,VIETNAM_LOTUSMILES,5,1,0.2,5:1,300,100000,AXIS_TIER_TABLE,EXPLICIT_SOURCE,"Axis Group A partner; annual cap 100,000 EDGE points shared across Group A",https://magnify.club/guides/axis-accor-returns-miles-and-more-september-2026/ ; https://traveledge.axis.bank.in/travel/common/termsandcondition,2026-09-25
axis-reserve,AXIS_EDGE_RP,WYNDHAM_REWARDS,5,2,0.4,5:2,300,100000,AXIS_TIER_TABLE,INFERRED_STANDARD_TIER,"Axis Group A partner; annual cap 100,000 EDGE points shared across Group A",https://magnify.club/guides/axis-accor-returns-miles-and-more-september-2026/ ; https://traveledge.axis.bank.in/travel/common/termsandcondition,2026-09-25
axis-reserve,AXIS_EDGE_RP,AIRASIA_REWARDS,5,2,0.4,5:2,300,400000,AXIS_TIER_TABLE,INFERRED_STANDARD_TIER,"Axis Group B partner; annual cap 400,000 EDGE points shared across Group B",https://magnify.club/guides/axis-accor-returns-miles-and-more-september-2026/ ; https://traveledge.axis.bank.in/travel/common/termsandcondition,2026-09-25
axis-reserve,AXIS_EDGE_RP,HILTON_HONORS,5,2,0.4,5:2,300,400000,AXIS_TIER_TABLE,EXPLICIT_SOURCE,"Axis Group B partner; annual cap 400,000 EDGE points shared across Group B",https://magnify.club/guides/axis-accor-returns-miles-and-more-september-2026/ ; https://traveledge.axis.bank.in/travel/common/termsandcondition,2026-09-25
axis-reserve,AXIS_EDGE_RP,IHG_ONE_REWARDS,5,2,0.4,5:2,300,400000,AXIS_TIER_TABLE,INFERRED_STANDARD_TIER,"Axis Group B partner; annual cap 400,000 EDGE points shared across Group B",https://magnify.club/guides/axis-accor-returns-miles-and-more-september-2026/ ; https://traveledge.axis.bank.in/travel/common/termsandcondition,2026-09-25
axis-reserve,AXIS_EDGE_RP,INDIGO_BLUCHIP,5,1,0.2,5:1,300,400000,AXIS_TIER_TABLE,EXPLICIT_SOURCE,"Axis Group B partner; annual cap 400,000 EDGE points shared across Group B; standard ratio only during limited introductory offer, reduced ratio afterwards",https://magnify.club/guides/axis-accor-returns-miles-and-more-september-2026/ ; https://traveledge.axis.bank.in/travel/common/termsandcondition,2026-09-25
axis-reserve,AXIS_EDGE_RP,MILES_AND_MORE,5,2,0.4,5:2,3000,400000,AXIS_TIER_TABLE,EXPLICIT_SOURCE,"Axis Group B partner; annual cap 400,000 EDGE points shared across Group B; also 2,00,000 Miles&More miles/yr limit and min 3,000 miles per transfer",https://magnify.club/guides/axis-accor-returns-miles-and-more-september-2026/ ; https://traveledge.axis.bank.in/travel/common/termsandcondition,2026-09-25
axis-reserve,AXIS_EDGE_RP,ORCHID_REWARDS,5,2,0.4,5:2,300,400000,AXIS_TIER_TABLE,INFERRED_STANDARD_TIER,"Axis Group B partner; annual cap 400,000 EDGE points shared across Group B",https://magnify.club/guides/axis-accor-returns-miles-and-more-september-2026/ ; https://traveledge.axis.bank.in/travel/common/termsandcondition,2026-09-25
axis-reserve,AXIS_EDGE_RP,POSTCARD_SUNSHINE_CLUB,5,2,0.4,5:2,300,400000,AXIS_TIER_TABLE,INFERRED_STANDARD_TIER,"Axis Group B partner; annual cap 400,000 EDGE points shared across Group B",https://magnify.club/guides/axis-accor-returns-miles-and-more-september-2026/ ; https://traveledge.axis.bank.in/travel/common/termsandcondition,2026-09-25
axis-reserve,AXIS_EDGE_RP,RADISSON_REWARDS,5,2,0.4,5:2,300,400000,AXIS_TIER_TABLE,INFERRED_STANDARD_TIER,"Axis Group B partner; annual cap 400,000 EDGE points shared across Group B",https://magnify.club/guides/axis-accor-returns-miles-and-more-september-2026/ ; https://traveledge.axis.bank.in/travel/common/termsandcondition,2026-09-25
axis-reserve,AXIS_EDGE_RP,SPICEJET_SPICECLUB,5,2,0.4,5:2,300,400000,AXIS_TIER_TABLE,INFERRED_STANDARD_TIER,"Axis Group B partner; annual cap 400,000 EDGE points shared across Group B",https://magnify.club/guides/axis-accor-returns-miles-and-more-september-2026/ ; https://traveledge.axis.bank.in/travel/common/termsandcondition,2026-09-25
axis-select,AXIS_EDGE_RP,AEROPLAN,10,1,0.1,10:1,300,100000,AXIS_TIER_TABLE,EXPLICIT_SOURCE,"Axis Group A partner; annual cap 100,000 EDGE points shared across Group A",https://magnify.club/guides/axis-accor-returns-miles-and-more-september-2026/ ; https://traveledge.axis.bank.in/travel/common/termsandcondition,2026-09-25
axis-select,AXIS_EDGE_RP,FLYING_BLUE,10,1,0.1,10:1,300,100000,AXIS_TIER_TABLE,EXPLICIT_SOURCE,"Axis Group A partner; annual cap 100,000 EDGE points shared across Group A",https://magnify.club/guides/axis-accor-returns-miles-and-more-september-2026/ ; https://traveledge.axis.bank.in/travel/common/termsandcondition,2026-09-25
axis-select,AXIS_EDGE_RP,AIR_INDIA_MAHARAJA,10,1,0.1,10:1,300,100000,AXIS_TIER_TABLE,EXPLICIT_SOURCE,"Axis Group A partner; annual cap 100,000 EDGE points shared across Group A",https://magnify.club/guides/axis-accor-returns-miles-and-more-september-2026/ ; https://traveledge.axis.bank.in/travel/common/termsandcondition,2026-09-25
axis-select,AXIS_EDGE_RP,BA_EXECUTIVE_CLUB,10,1,0.1,10:1,300,100000,AXIS_TIER_TABLE,EXPLICIT_SOURCE,"Axis Group A partner; annual cap 100,000 EDGE points shared across Group A",https://magnify.club/guides/axis-accor-returns-miles-and-more-september-2026/ ; https://traveledge.axis.bank.in/travel/common/termsandcondition,2026-09-25
axis-select,AXIS_EDGE_RP,ACCOR_ALL,10,1,0.1,10:1,300,100000,AXIS_TIER_TABLE,EXPLICIT_SOURCE,"Axis Group A partner; annual cap 100,000 EDGE points shared across Group A",https://magnify.club/guides/axis-accor-returns-miles-and-more-september-2026/ ; https://traveledge.axis.bank.in/travel/common/termsandcondition,2026-09-25
axis-select,AXIS_EDGE_RP,ASIA_MILES,10,1,0.1,10:1,300,100000,AXIS_TIER_TABLE,EXPLICIT_SOURCE,"Axis Group A partner; annual cap 100,000 EDGE points shared across Group A",https://magnify.club/guides/axis-accor-returns-miles-and-more-september-2026/ ; https://traveledge.axis.bank.in/travel/common/termsandcondition,2026-09-25
axis-select,AXIS_EDGE_RP,ETHIOPIAN_SHEBAMILES,10,1,0.1,10:1,300,100000,AXIS_TIER_TABLE,INFERRED_STANDARD_TIER,"Axis Group A partner; annual cap 100,000 EDGE points shared across Group A",https://magnify.club/guides/axis-accor-returns-miles-and-more-september-2026/ ; https://traveledge.axis.bank.in/travel/common/termsandcondition,2026-09-25
axis-select,AXIS_EDGE_RP,ETIHAD_GUEST,10,1,0.1,10:1,300,100000,AXIS_TIER_TABLE,INFERRED_STANDARD_TIER,"Axis Group A partner; annual cap 100,000 EDGE points shared across Group A",https://magnify.club/guides/axis-accor-returns-miles-and-more-september-2026/ ; https://traveledge.axis.bank.in/travel/common/termsandcondition,2026-09-25
axis-select,AXIS_EDGE_RP,FINNAIR_PLUS,10,1,0.1,10:1,300,100000,AXIS_TIER_TABLE,EXPLICIT_SOURCE,"Axis Group A partner; annual cap 100,000 EDGE points shared across Group A",https://magnify.club/guides/axis-accor-returns-miles-and-more-september-2026/ ; https://traveledge.axis.bank.in/travel/common/termsandcondition,2026-09-25
axis-select,AXIS_EDGE_RP,JAL_MILEAGE_BANK,10,1,0.1,10:1,300,100000,AXIS_TIER_TABLE,INFERRED_STANDARD_TIER,"Axis Group A partner; annual cap 100,000 EDGE points shared across Group A",https://magnify.club/guides/axis-accor-returns-miles-and-more-september-2026/ ; https://traveledge.axis.bank.in/travel/common/termsandcondition,2026-09-25
axis-select,AXIS_EDGE_RP,QANTAS_FREQUENT_FLYER,10,1,0.1,10:1,300,100000,AXIS_TIER_TABLE,EXPLICIT_SOURCE,"Axis Group A partner; annual cap 100,000 EDGE points shared across Group A",https://magnify.club/guides/axis-accor-returns-miles-and-more-september-2026/ ; https://traveledge.axis.bank.in/travel/common/termsandcondition,2026-09-25
axis-select,AXIS_EDGE_RP,QATAR_PRIVILEGE_CLUB,10,1,0.1,10:1,300,100000,AXIS_TIER_TABLE,EXPLICIT_SOURCE,"Axis Group A partner; annual cap 100,000 EDGE points shared across Group A",https://magnify.club/guides/axis-accor-returns-miles-and-more-september-2026/ ; https://traveledge.axis.bank.in/travel/common/termsandcondition,2026-09-25
axis-select,AXIS_EDGE_RP,KRISFLYER,10,1,0.1,10:1,300,100000,AXIS_TIER_TABLE,EXPLICIT_SOURCE,"Axis Group A partner; annual cap 100,000 EDGE points shared across Group A",https://magnify.club/guides/axis-accor-returns-miles-and-more-september-2026/ ; https://traveledge.axis.bank.in/travel/common/termsandcondition,2026-09-25
axis-select,AXIS_EDGE_RP,THAI_ROYAL_ORCHID,10,1,0.1,10:1,300,100000,AXIS_TIER_TABLE,INFERRED_STANDARD_TIER,"Axis Group A partner; annual cap 100,000 EDGE points shared across Group A",https://magnify.club/guides/axis-accor-returns-miles-and-more-september-2026/ ; https://traveledge.axis.bank.in/travel/common/termsandcondition,2026-09-25
axis-select,AXIS_EDGE_RP,TURKISH_MILES_SMILES,10,1,0.1,10:1,300,100000,AXIS_TIER_TABLE,INFERRED_STANDARD_TIER,"Axis Group A partner; annual cap 100,000 EDGE points shared across Group A",https://magnify.club/guides/axis-accor-returns-miles-and-more-september-2026/ ; https://traveledge.axis.bank.in/travel/common/termsandcondition,2026-09-25
axis-select,AXIS_EDGE_RP,UNITED_MILEAGEPLUS,10,1,0.1,10:1,300,100000,AXIS_TIER_TABLE,INFERRED_STANDARD_TIER,"Axis Group A partner; annual cap 100,000 EDGE points shared across Group A",https://magnify.club/guides/axis-accor-returns-miles-and-more-september-2026/ ; https://traveledge.axis.bank.in/travel/common/termsandcondition,2026-09-25
axis-select,AXIS_EDGE_RP,VIETNAM_LOTUSMILES,10,1,0.1,10:1,300,100000,AXIS_TIER_TABLE,EXPLICIT_SOURCE,"Axis Group A partner; annual cap 100,000 EDGE points shared across Group A",https://magnify.club/guides/axis-accor-returns-miles-and-more-september-2026/ ; https://traveledge.axis.bank.in/travel/common/termsandcondition,2026-09-25
axis-select,AXIS_EDGE_RP,WYNDHAM_REWARDS,10,1,0.1,10:1,300,100000,AXIS_TIER_TABLE,INFERRED_STANDARD_TIER,"Axis Group A partner; annual cap 100,000 EDGE points shared across Group A",https://magnify.club/guides/axis-accor-returns-miles-and-more-september-2026/ ; https://traveledge.axis.bank.in/travel/common/termsandcondition,2026-09-25
axis-select,AXIS_EDGE_RP,AIRASIA_REWARDS,10,1,0.1,10:1,300,400000,AXIS_TIER_TABLE,INFERRED_STANDARD_TIER,"Axis Group B partner; annual cap 400,000 EDGE points shared across Group B",https://magnify.club/guides/axis-accor-returns-miles-and-more-september-2026/ ; https://traveledge.axis.bank.in/travel/common/termsandcondition,2026-09-25
axis-select,AXIS_EDGE_RP,HILTON_HONORS,10,1,0.1,10:1,300,400000,AXIS_TIER_TABLE,EXPLICIT_SOURCE,"Axis Group B partner; annual cap 400,000 EDGE points shared across Group B",https://magnify.club/guides/axis-accor-returns-miles-and-more-september-2026/ ; https://traveledge.axis.bank.in/travel/common/termsandcondition,2026-09-25
axis-select,AXIS_EDGE_RP,IHG_ONE_REWARDS,10,1,0.1,10:1,300,400000,AXIS_TIER_TABLE,INFERRED_STANDARD_TIER,"Axis Group B partner; annual cap 400,000 EDGE points shared across Group B",https://magnify.club/guides/axis-accor-returns-miles-and-more-september-2026/ ; https://traveledge.axis.bank.in/travel/common/termsandcondition,2026-09-25
axis-select,AXIS_EDGE_RP,INDIGO_BLUCHIP,10,1,0.1,10:1,300,400000,AXIS_TIER_TABLE,EXPLICIT_SOURCE,"Axis Group B partner; annual cap 400,000 EDGE points shared across Group B; standard ratio only during limited introductory offer, reduced ratio afterwards",https://magnify.club/guides/axis-accor-returns-miles-and-more-september-2026/ ; https://traveledge.axis.bank.in/travel/common/termsandcondition,2026-09-25
axis-select,AXIS_EDGE_RP,MILES_AND_MORE,10,1,0.1,10:1,3000,400000,AXIS_TIER_TABLE,EXPLICIT_SOURCE,"Axis Group B partner; annual cap 400,000 EDGE points shared across Group B; also 2,00,000 Miles&More miles/yr limit and min 3,000 miles per transfer",https://magnify.club/guides/axis-accor-returns-miles-and-more-september-2026/ ; https://traveledge.axis.bank.in/travel/common/termsandcondition,2026-09-25
axis-select,AXIS_EDGE_RP,ORCHID_REWARDS,10,1,0.1,10:1,300,400000,AXIS_TIER_TABLE,INFERRED_STANDARD_TIER,"Axis Group B partner; annual cap 400,000 EDGE points shared across Group B",https://magnify.club/guides/axis-accor-returns-miles-and-more-september-2026/ ; https://traveledge.axis.bank.in/travel/common/termsandcondition,2026-09-25
axis-select,AXIS_EDGE_RP,POSTCARD_SUNSHINE_CLUB,10,1,0.1,10:1,300,400000,AXIS_TIER_TABLE,INFERRED_STANDARD_TIER,"Axis Group B partner; annual cap 400,000 EDGE points shared across Group B",https://magnify.club/guides/axis-accor-returns-miles-and-more-september-2026/ ; https://traveledge.axis.bank.in/travel/common/termsandcondition,2026-09-25
axis-select,AXIS_EDGE_RP,RADISSON_REWARDS,10,1,0.1,10:1,300,400000,AXIS_TIER_TABLE,INFERRED_STANDARD_TIER,"Axis Group B partner; annual cap 400,000 EDGE points shared across Group B",https://magnify.club/guides/axis-accor-returns-miles-and-more-september-2026/ ; https://traveledge.axis.bank.in/travel/common/termsandcondition,2026-09-25
axis-select,AXIS_EDGE_RP,SPICEJET_SPICECLUB,10,1,0.1,10:1,300,400000,AXIS_TIER_TABLE,INFERRED_STANDARD_TIER,"Axis Group B partner; annual cap 400,000 EDGE points shared across Group B",https://magnify.club/guides/axis-accor-returns-miles-and-more-september-2026/ ; https://traveledge.axis.bank.in/travel/common/termsandcondition,2026-09-25
axis-privilege,AXIS_EDGE_RP,AEROPLAN,10,1,0.1,10:1,300,100000,AXIS_TIER_TABLE,EXPLICIT_SOURCE,"Axis Group A partner; annual cap 100,000 EDGE points shared across Group A",https://magnify.club/guides/axis-accor-returns-miles-and-more-september-2026/ ; https://traveledge.axis.bank.in/travel/common/termsandcondition,2026-09-25
axis-privilege,AXIS_EDGE_RP,FLYING_BLUE,10,1,0.1,10:1,300,100000,AXIS_TIER_TABLE,EXPLICIT_SOURCE,"Axis Group A partner; annual cap 100,000 EDGE points shared across Group A",https://magnify.club/guides/axis-accor-returns-miles-and-more-september-2026/ ; https://traveledge.axis.bank.in/travel/common/termsandcondition,2026-09-25
axis-privilege,AXIS_EDGE_RP,AIR_INDIA_MAHARAJA,10,1,0.1,10:1,300,100000,AXIS_TIER_TABLE,EXPLICIT_SOURCE,"Axis Group A partner; annual cap 100,000 EDGE points shared across Group A",https://magnify.club/guides/axis-accor-returns-miles-and-more-september-2026/ ; https://traveledge.axis.bank.in/travel/common/termsandcondition,2026-09-25
axis-privilege,AXIS_EDGE_RP,BA_EXECUTIVE_CLUB,10,1,0.1,10:1,300,100000,AXIS_TIER_TABLE,EXPLICIT_SOURCE,"Axis Group A partner; annual cap 100,000 EDGE points shared across Group A",https://magnify.club/guides/axis-accor-returns-miles-and-more-september-2026/ ; https://traveledge.axis.bank.in/travel/common/termsandcondition,2026-09-25
axis-privilege,AXIS_EDGE_RP,ACCOR_ALL,10,1,0.1,10:1,300,100000,AXIS_TIER_TABLE,EXPLICIT_SOURCE,"Axis Group A partner; annual cap 100,000 EDGE points shared across Group A",https://magnify.club/guides/axis-accor-returns-miles-and-more-september-2026/ ; https://traveledge.axis.bank.in/travel/common/termsandcondition,2026-09-25
axis-privilege,AXIS_EDGE_RP,ASIA_MILES,10,1,0.1,10:1,300,100000,AXIS_TIER_TABLE,EXPLICIT_SOURCE,"Axis Group A partner; annual cap 100,000 EDGE points shared across Group A",https://magnify.club/guides/axis-accor-returns-miles-and-more-september-2026/ ; https://traveledge.axis.bank.in/travel/common/termsandcondition,2026-09-25
axis-privilege,AXIS_EDGE_RP,ETHIOPIAN_SHEBAMILES,10,1,0.1,10:1,300,100000,AXIS_TIER_TABLE,INFERRED_STANDARD_TIER,"Axis Group A partner; annual cap 100,000 EDGE points shared across Group A",https://magnify.club/guides/axis-accor-returns-miles-and-more-september-2026/ ; https://traveledge.axis.bank.in/travel/common/termsandcondition,2026-09-25
axis-privilege,AXIS_EDGE_RP,ETIHAD_GUEST,10,1,0.1,10:1,300,100000,AXIS_TIER_TABLE,INFERRED_STANDARD_TIER,"Axis Group A partner; annual cap 100,000 EDGE points shared across Group A",https://magnify.club/guides/axis-accor-returns-miles-and-more-september-2026/ ; https://traveledge.axis.bank.in/travel/common/termsandcondition,2026-09-25
axis-privilege,AXIS_EDGE_RP,FINNAIR_PLUS,10,1,0.1,10:1,300,100000,AXIS_TIER_TABLE,EXPLICIT_SOURCE,"Axis Group A partner; annual cap 100,000 EDGE points shared across Group A",https://magnify.club/guides/axis-accor-returns-miles-and-more-september-2026/ ; https://traveledge.axis.bank.in/travel/common/termsandcondition,2026-09-25
axis-privilege,AXIS_EDGE_RP,JAL_MILEAGE_BANK,10,1,0.1,10:1,300,100000,AXIS_TIER_TABLE,INFERRED_STANDARD_TIER,"Axis Group A partner; annual cap 100,000 EDGE points shared across Group A",https://magnify.club/guides/axis-accor-returns-miles-and-more-september-2026/ ; https://traveledge.axis.bank.in/travel/common/termsandcondition,2026-09-25
axis-privilege,AXIS_EDGE_RP,QANTAS_FREQUENT_FLYER,10,1,0.1,10:1,300,100000,AXIS_TIER_TABLE,EXPLICIT_SOURCE,"Axis Group A partner; annual cap 100,000 EDGE points shared across Group A",https://magnify.club/guides/axis-accor-returns-miles-and-more-september-2026/ ; https://traveledge.axis.bank.in/travel/common/termsandcondition,2026-09-25
axis-privilege,AXIS_EDGE_RP,QATAR_PRIVILEGE_CLUB,10,1,0.1,10:1,300,100000,AXIS_TIER_TABLE,EXPLICIT_SOURCE,"Axis Group A partner; annual cap 100,000 EDGE points shared across Group A",https://magnify.club/guides/axis-accor-returns-miles-and-more-september-2026/ ; https://traveledge.axis.bank.in/travel/common/termsandcondition,2026-09-25
axis-privilege,AXIS_EDGE_RP,KRISFLYER,10,1,0.1,10:1,300,100000,AXIS_TIER_TABLE,EXPLICIT_SOURCE,"Axis Group A partner; annual cap 100,000 EDGE points shared across Group A",https://magnify.club/guides/axis-accor-returns-miles-and-more-september-2026/ ; https://traveledge.axis.bank.in/travel/common/termsandcondition,2026-09-25
axis-privilege,AXIS_EDGE_RP,THAI_ROYAL_ORCHID,10,1,0.1,10:1,300,100000,AXIS_TIER_TABLE,INFERRED_STANDARD_TIER,"Axis Group A partner; annual cap 100,000 EDGE points shared across Group A",https://magnify.club/guides/axis-accor-returns-miles-and-more-september-2026/ ; https://traveledge.axis.bank.in/travel/common/termsandcondition,2026-09-25
axis-privilege,AXIS_EDGE_RP,TURKISH_MILES_SMILES,10,1,0.1,10:1,300,100000,AXIS_TIER_TABLE,INFERRED_STANDARD_TIER,"Axis Group A partner; annual cap 100,000 EDGE points shared across Group A",https://magnify.club/guides/axis-accor-returns-miles-and-more-september-2026/ ; https://traveledge.axis.bank.in/travel/common/termsandcondition,2026-09-25
axis-privilege,AXIS_EDGE_RP,UNITED_MILEAGEPLUS,10,1,0.1,10:1,300,100000,AXIS_TIER_TABLE,INFERRED_STANDARD_TIER,"Axis Group A partner; annual cap 100,000 EDGE points shared across Group A",https://magnify.club/guides/axis-accor-returns-miles-and-more-september-2026/ ; https://traveledge.axis.bank.in/travel/common/termsandcondition,2026-09-25
axis-privilege,AXIS_EDGE_RP,VIETNAM_LOTUSMILES,10,1,0.1,10:1,300,100000,AXIS_TIER_TABLE,EXPLICIT_SOURCE,"Axis Group A partner; annual cap 100,000 EDGE points shared across Group A",https://magnify.club/guides/axis-accor-returns-miles-and-more-september-2026/ ; https://traveledge.axis.bank.in/travel/common/termsandcondition,2026-09-25
axis-privilege,AXIS_EDGE_RP,WYNDHAM_REWARDS,10,1,0.1,10:1,300,100000,AXIS_TIER_TABLE,INFERRED_STANDARD_TIER,"Axis Group A partner; annual cap 100,000 EDGE points shared across Group A",https://magnify.club/guides/axis-accor-returns-miles-and-more-september-2026/ ; https://traveledge.axis.bank.in/travel/common/termsandcondition,2026-09-25
axis-privilege,AXIS_EDGE_RP,AIRASIA_REWARDS,10,1,0.1,10:1,300,400000,AXIS_TIER_TABLE,INFERRED_STANDARD_TIER,"Axis Group B partner; annual cap 400,000 EDGE points shared across Group B",https://magnify.club/guides/axis-accor-returns-miles-and-more-september-2026/ ; https://traveledge.axis.bank.in/travel/common/termsandcondition,2026-09-25
axis-privilege,AXIS_EDGE_RP,HILTON_HONORS,10,1,0.1,10:1,300,400000,AXIS_TIER_TABLE,EXPLICIT_SOURCE,"Axis Group B partner; annual cap 400,000 EDGE points shared across Group B",https://magnify.club/guides/axis-accor-returns-miles-and-more-september-2026/ ; https://traveledge.axis.bank.in/travel/common/termsandcondition,2026-09-25
axis-privilege,AXIS_EDGE_RP,IHG_ONE_REWARDS,10,1,0.1,10:1,300,400000,AXIS_TIER_TABLE,INFERRED_STANDARD_TIER,"Axis Group B partner; annual cap 400,000 EDGE points shared across Group B",https://magnify.club/guides/axis-accor-returns-miles-and-more-september-2026/ ; https://traveledge.axis.bank.in/travel/common/termsandcondition,2026-09-25
axis-privilege,AXIS_EDGE_RP,INDIGO_BLUCHIP,10,1,0.1,10:1,300,400000,AXIS_TIER_TABLE,EXPLICIT_SOURCE,"Axis Group B partner; annual cap 400,000 EDGE points shared across Group B; standard ratio only during limited introductory offer, reduced ratio afterwards",https://magnify.club/guides/axis-accor-returns-miles-and-more-september-2026/ ; https://traveledge.axis.bank.in/travel/common/termsandcondition,2026-09-25
axis-privilege,AXIS_EDGE_RP,MILES_AND_MORE,10,1,0.1,10:1,3000,400000,AXIS_TIER_TABLE,EXPLICIT_SOURCE,"Axis Group B partner; annual cap 400,000 EDGE points shared across Group B; also 2,00,000 Miles&More miles/yr limit and min 3,000 miles per transfer",https://magnify.club/guides/axis-accor-returns-miles-and-more-september-2026/ ; https://traveledge.axis.bank.in/travel/common/termsandcondition,2026-09-25
axis-privilege,AXIS_EDGE_RP,ORCHID_REWARDS,10,1,0.1,10:1,300,400000,AXIS_TIER_TABLE,INFERRED_STANDARD_TIER,"Axis Group B partner; annual cap 400,000 EDGE points shared across Group B",https://magnify.club/guides/axis-accor-returns-miles-and-more-september-2026/ ; https://traveledge.axis.bank.in/travel/common/termsandcondition,2026-09-25
axis-privilege,AXIS_EDGE_RP,POSTCARD_SUNSHINE_CLUB,10,1,0.1,10:1,300,400000,AXIS_TIER_TABLE,INFERRED_STANDARD_TIER,"Axis Group B partner; annual cap 400,000 EDGE points shared across Group B",https://magnify.club/guides/axis-accor-returns-miles-and-more-september-2026/ ; https://traveledge.axis.bank.in/travel/common/termsandcondition,2026-09-25
axis-privilege,AXIS_EDGE_RP,RADISSON_REWARDS,10,1,0.1,10:1,300,400000,AXIS_TIER_TABLE,INFERRED_STANDARD_TIER,"Axis Group B partner; annual cap 400,000 EDGE points shared across Group B",https://magnify.club/guides/axis-accor-returns-miles-and-more-september-2026/ ; https://traveledge.axis.bank.in/travel/common/termsandcondition,2026-09-25
axis-privilege,AXIS_EDGE_RP,SPICEJET_SPICECLUB,10,1,0.1,10:1,300,400000,AXIS_TIER_TABLE,INFERRED_STANDARD_TIER,"Axis Group B partner; annual cap 400,000 EDGE points shared across Group B",https://magnify.club/guides/axis-accor-returns-miles-and-more-september-2026/ ; https://traveledge.axis.bank.in/travel/common/termsandcondition,2026-09-25
axis-rewards,AXIS_EDGE_RP,AEROPLAN,10,1,0.1,10:1,300,100000,AXIS_TIER_TABLE,EXPLICIT_SOURCE,"Axis Group A partner; annual cap 100,000 EDGE points shared across Group A",https://magnify.club/guides/axis-accor-returns-miles-and-more-september-2026/ ; https://traveledge.axis.bank.in/travel/common/termsandcondition,2026-09-25
axis-rewards,AXIS_EDGE_RP,FLYING_BLUE,10,1,0.1,10:1,300,100000,AXIS_TIER_TABLE,EXPLICIT_SOURCE,"Axis Group A partner; annual cap 100,000 EDGE points shared across Group A",https://magnify.club/guides/axis-accor-returns-miles-and-more-september-2026/ ; https://traveledge.axis.bank.in/travel/common/termsandcondition,2026-09-25
axis-rewards,AXIS_EDGE_RP,AIR_INDIA_MAHARAJA,20,1,0.05,20:1,300,100000,AXIS_TIER_TABLE,EXPLICIT_SOURCE,"Axis Group A partner; annual cap 100,000 EDGE points shared across Group A; Magnify lists Rewards/Neo/MY Zone at 20:1 for Air India (differs from 10:1 elsewhere)",https://magnify.club/guides/axis-accor-returns-miles-and-more-september-2026/ ; https://traveledge.axis.bank.in/travel/common/termsandcondition,2026-09-25
axis-rewards,AXIS_EDGE_RP,BA_EXECUTIVE_CLUB,10,1,0.1,10:1,300,100000,AXIS_TIER_TABLE,EXPLICIT_SOURCE,"Axis Group A partner; annual cap 100,000 EDGE points shared across Group A",https://magnify.club/guides/axis-accor-returns-miles-and-more-september-2026/ ; https://traveledge.axis.bank.in/travel/common/termsandcondition,2026-09-25
axis-rewards,AXIS_EDGE_RP,ACCOR_ALL,10,1,0.1,10:1,300,100000,AXIS_TIER_TABLE,EXPLICIT_SOURCE,"Axis Group A partner; annual cap 100,000 EDGE points shared across Group A",https://magnify.club/guides/axis-accor-returns-miles-and-more-september-2026/ ; https://traveledge.axis.bank.in/travel/common/termsandcondition,2026-09-25
axis-rewards,AXIS_EDGE_RP,ASIA_MILES,10,1,0.1,10:1,300,100000,AXIS_TIER_TABLE,EXPLICIT_SOURCE,"Axis Group A partner; annual cap 100,000 EDGE points shared across Group A",https://magnify.club/guides/axis-accor-returns-miles-and-more-september-2026/ ; https://traveledge.axis.bank.in/travel/common/termsandcondition,2026-09-25
axis-rewards,AXIS_EDGE_RP,ETHIOPIAN_SHEBAMILES,10,1,0.1,10:1,300,100000,AXIS_TIER_TABLE,INFERRED_STANDARD_TIER,"Axis Group A partner; annual cap 100,000 EDGE points shared across Group A",https://magnify.club/guides/axis-accor-returns-miles-and-more-september-2026/ ; https://traveledge.axis.bank.in/travel/common/termsandcondition,2026-09-25
axis-rewards,AXIS_EDGE_RP,ETIHAD_GUEST,10,1,0.1,10:1,300,100000,AXIS_TIER_TABLE,INFERRED_STANDARD_TIER,"Axis Group A partner; annual cap 100,000 EDGE points shared across Group A",https://magnify.club/guides/axis-accor-returns-miles-and-more-september-2026/ ; https://traveledge.axis.bank.in/travel/common/termsandcondition,2026-09-25
axis-rewards,AXIS_EDGE_RP,FINNAIR_PLUS,10,1,0.1,10:1,300,100000,AXIS_TIER_TABLE,EXPLICIT_SOURCE,"Axis Group A partner; annual cap 100,000 EDGE points shared across Group A",https://magnify.club/guides/axis-accor-returns-miles-and-more-september-2026/ ; https://traveledge.axis.bank.in/travel/common/termsandcondition,2026-09-25
axis-rewards,AXIS_EDGE_RP,JAL_MILEAGE_BANK,10,1,0.1,10:1,300,100000,AXIS_TIER_TABLE,INFERRED_STANDARD_TIER,"Axis Group A partner; annual cap 100,000 EDGE points shared across Group A",https://magnify.club/guides/axis-accor-returns-miles-and-more-september-2026/ ; https://traveledge.axis.bank.in/travel/common/termsandcondition,2026-09-25
axis-rewards,AXIS_EDGE_RP,QANTAS_FREQUENT_FLYER,10,1,0.1,10:1,300,100000,AXIS_TIER_TABLE,EXPLICIT_SOURCE,"Axis Group A partner; annual cap 100,000 EDGE points shared across Group A",https://magnify.club/guides/axis-accor-returns-miles-and-more-september-2026/ ; https://traveledge.axis.bank.in/travel/common/termsandcondition,2026-09-25
axis-rewards,AXIS_EDGE_RP,QATAR_PRIVILEGE_CLUB,10,1,0.1,10:1,300,100000,AXIS_TIER_TABLE,EXPLICIT_SOURCE,"Axis Group A partner; annual cap 100,000 EDGE points shared across Group A",https://magnify.club/guides/axis-accor-returns-miles-and-more-september-2026/ ; https://traveledge.axis.bank.in/travel/common/termsandcondition,2026-09-25
axis-rewards,AXIS_EDGE_RP,KRISFLYER,10,1,0.1,10:1,300,100000,AXIS_TIER_TABLE,EXPLICIT_SOURCE,"Axis Group A partner; annual cap 100,000 EDGE points shared across Group A",https://magnify.club/guides/axis-accor-returns-miles-and-more-september-2026/ ; https://traveledge.axis.bank.in/travel/common/termsandcondition,2026-09-25
axis-rewards,AXIS_EDGE_RP,THAI_ROYAL_ORCHID,10,1,0.1,10:1,300,100000,AXIS_TIER_TABLE,INFERRED_STANDARD_TIER,"Axis Group A partner; annual cap 100,000 EDGE points shared across Group A",https://magnify.club/guides/axis-accor-returns-miles-and-more-september-2026/ ; https://traveledge.axis.bank.in/travel/common/termsandcondition,2026-09-25
axis-rewards,AXIS_EDGE_RP,TURKISH_MILES_SMILES,10,1,0.1,10:1,300,100000,AXIS_TIER_TABLE,INFERRED_STANDARD_TIER,"Axis Group A partner; annual cap 100,000 EDGE points shared across Group A",https://magnify.club/guides/axis-accor-returns-miles-and-more-september-2026/ ; https://traveledge.axis.bank.in/travel/common/termsandcondition,2026-09-25
axis-rewards,AXIS_EDGE_RP,UNITED_MILEAGEPLUS,10,1,0.1,10:1,300,100000,AXIS_TIER_TABLE,INFERRED_STANDARD_TIER,"Axis Group A partner; annual cap 100,000 EDGE points shared across Group A",https://magnify.club/guides/axis-accor-returns-miles-and-more-september-2026/ ; https://traveledge.axis.bank.in/travel/common/termsandcondition,2026-09-25
axis-rewards,AXIS_EDGE_RP,VIETNAM_LOTUSMILES,10,1,0.1,10:1,300,100000,AXIS_TIER_TABLE,EXPLICIT_SOURCE,"Axis Group A partner; annual cap 100,000 EDGE points shared across Group A",https://magnify.club/guides/axis-accor-returns-miles-and-more-september-2026/ ; https://traveledge.axis.bank.in/travel/common/termsandcondition,2026-09-25
axis-rewards,AXIS_EDGE_RP,WYNDHAM_REWARDS,10,1,0.1,10:1,300,100000,AXIS_TIER_TABLE,INFERRED_STANDARD_TIER,"Axis Group A partner; annual cap 100,000 EDGE points shared across Group A",https://magnify.club/guides/axis-accor-returns-miles-and-more-september-2026/ ; https://traveledge.axis.bank.in/travel/common/termsandcondition,2026-09-25
axis-rewards,AXIS_EDGE_RP,AIRASIA_REWARDS,10,1,0.1,10:1,300,400000,AXIS_TIER_TABLE,INFERRED_STANDARD_TIER,"Axis Group B partner; annual cap 400,000 EDGE points shared across Group B",https://magnify.club/guides/axis-accor-returns-miles-and-more-september-2026/ ; https://traveledge.axis.bank.in/travel/common/termsandcondition,2026-09-25
axis-rewards,AXIS_EDGE_RP,HILTON_HONORS,10,1,0.1,10:1,300,400000,AXIS_TIER_TABLE,EXPLICIT_SOURCE,"Axis Group B partner; annual cap 400,000 EDGE points shared across Group B",https://magnify.club/guides/axis-accor-returns-miles-and-more-september-2026/ ; https://traveledge.axis.bank.in/travel/common/termsandcondition,2026-09-25
axis-rewards,AXIS_EDGE_RP,IHG_ONE_REWARDS,10,1,0.1,10:1,300,400000,AXIS_TIER_TABLE,INFERRED_STANDARD_TIER,"Axis Group B partner; annual cap 400,000 EDGE points shared across Group B",https://magnify.club/guides/axis-accor-returns-miles-and-more-september-2026/ ; https://traveledge.axis.bank.in/travel/common/termsandcondition,2026-09-25
axis-rewards,AXIS_EDGE_RP,INDIGO_BLUCHIP,10,1,0.1,10:1,300,400000,AXIS_TIER_TABLE,EXPLICIT_SOURCE,"Axis Group B partner; annual cap 400,000 EDGE points shared across Group B; standard ratio only during limited introductory offer, reduced ratio afterwards",https://magnify.club/guides/axis-accor-returns-miles-and-more-september-2026/ ; https://traveledge.axis.bank.in/travel/common/termsandcondition,2026-09-25
axis-rewards,AXIS_EDGE_RP,MILES_AND_MORE,10,1,0.1,10:1,3000,400000,AXIS_TIER_TABLE,EXPLICIT_SOURCE,"Axis Group B partner; annual cap 400,000 EDGE points shared across Group B; also 2,00,000 Miles&More miles/yr limit and min 3,000 miles per transfer",https://magnify.club/guides/axis-accor-returns-miles-and-more-september-2026/ ; https://traveledge.axis.bank.in/travel/common/termsandcondition,2026-09-25
axis-rewards,AXIS_EDGE_RP,ORCHID_REWARDS,10,1,0.1,10:1,300,400000,AXIS_TIER_TABLE,INFERRED_STANDARD_TIER,"Axis Group B partner; annual cap 400,000 EDGE points shared across Group B",https://magnify.club/guides/axis-accor-returns-miles-and-more-september-2026/ ; https://traveledge.axis.bank.in/travel/common/termsandcondition,2026-09-25
axis-rewards,AXIS_EDGE_RP,POSTCARD_SUNSHINE_CLUB,10,1,0.1,10:1,300,400000,AXIS_TIER_TABLE,INFERRED_STANDARD_TIER,"Axis Group B partner; annual cap 400,000 EDGE points shared across Group B",https://magnify.club/guides/axis-accor-returns-miles-and-more-september-2026/ ; https://traveledge.axis.bank.in/travel/common/termsandcondition,2026-09-25
axis-rewards,AXIS_EDGE_RP,RADISSON_REWARDS,10,1,0.1,10:1,300,400000,AXIS_TIER_TABLE,INFERRED_STANDARD_TIER,"Axis Group B partner; annual cap 400,000 EDGE points shared across Group B",https://magnify.club/guides/axis-accor-returns-miles-and-more-september-2026/ ; https://traveledge.axis.bank.in/travel/common/termsandcondition,2026-09-25
axis-rewards,AXIS_EDGE_RP,SPICEJET_SPICECLUB,10,1,0.1,10:1,300,400000,AXIS_TIER_TABLE,INFERRED_STANDARD_TIER,"Axis Group B partner; annual cap 400,000 EDGE points shared across Group B",https://magnify.club/guides/axis-accor-returns-miles-and-more-september-2026/ ; https://traveledge.axis.bank.in/travel/common/termsandcondition,2026-09-25
axis-burgundy-private,AXIS_EDGE_RP,AEROPLAN,5,4,0.8,5:4,300,300000,AXIS_TIER_TABLE,EXPLICIT_SOURCE,"Axis Group A partner; annual cap 300,000 EDGE points shared across Group A",https://magnify.club/guides/axis-accor-returns-miles-and-more-september-2026/ ; https://traveledge.axis.bank.in/travel/common/termsandcondition,2026-09-25
axis-burgundy-private,AXIS_EDGE_RP,FLYING_BLUE,5,4,0.8,5:4,300,300000,AXIS_TIER_TABLE,EXPLICIT_SOURCE,"Axis Group A partner; annual cap 300,000 EDGE points shared across Group A",https://magnify.club/guides/axis-accor-returns-miles-and-more-september-2026/ ; https://traveledge.axis.bank.in/travel/common/termsandcondition,2026-09-25
axis-burgundy-private,AXIS_EDGE_RP,AIR_INDIA_MAHARAJA,5,4,0.8,5:4,300,300000,AXIS_TIER_TABLE,EXPLICIT_SOURCE,"Axis Group A partner; annual cap 300,000 EDGE points shared across Group A",https://magnify.club/guides/axis-accor-returns-miles-and-more-september-2026/ ; https://traveledge.axis.bank.in/travel/common/termsandcondition,2026-09-25
axis-burgundy-private,AXIS_EDGE_RP,BA_EXECUTIVE_CLUB,5,4,0.8,5:4,300,300000,AXIS_TIER_TABLE,EXPLICIT_SOURCE,"Axis Group A partner; annual cap 300,000 EDGE points shared across Group A",https://magnify.club/guides/axis-accor-returns-miles-and-more-september-2026/ ; https://traveledge.axis.bank.in/travel/common/termsandcondition,2026-09-25
axis-burgundy-private,AXIS_EDGE_RP,ACCOR_ALL,5,4,0.8,5:4,300,300000,AXIS_TIER_TABLE,EXPLICIT_SOURCE,"Axis Group A partner; annual cap 300,000 EDGE points shared across Group A",https://magnify.club/guides/axis-accor-returns-miles-and-more-september-2026/ ; https://traveledge.axis.bank.in/travel/common/termsandcondition,2026-09-25
axis-burgundy-private,AXIS_EDGE_RP,ASIA_MILES,5,4,0.8,5:4,300,300000,AXIS_TIER_TABLE,EXPLICIT_SOURCE,"Axis Group A partner; annual cap 300,000 EDGE points shared across Group A",https://magnify.club/guides/axis-accor-returns-miles-and-more-september-2026/ ; https://traveledge.axis.bank.in/travel/common/termsandcondition,2026-09-25
axis-burgundy-private,AXIS_EDGE_RP,ETHIOPIAN_SHEBAMILES,5,4,0.8,5:4,300,300000,AXIS_TIER_TABLE,INFERRED_STANDARD_TIER,"Axis Group A partner; annual cap 300,000 EDGE points shared across Group A",https://magnify.club/guides/axis-accor-returns-miles-and-more-september-2026/ ; https://traveledge.axis.bank.in/travel/common/termsandcondition,2026-09-25
axis-burgundy-private,AXIS_EDGE_RP,ETIHAD_GUEST,5,4,0.8,5:4,300,300000,AXIS_TIER_TABLE,INFERRED_STANDARD_TIER,"Axis Group A partner; annual cap 300,000 EDGE points shared across Group A",https://magnify.club/guides/axis-accor-returns-miles-and-more-september-2026/ ; https://traveledge.axis.bank.in/travel/common/termsandcondition,2026-09-25
axis-burgundy-private,AXIS_EDGE_RP,FINNAIR_PLUS,5,4,0.8,5:4,300,300000,AXIS_TIER_TABLE,EXPLICIT_SOURCE,"Axis Group A partner; annual cap 300,000 EDGE points shared across Group A",https://magnify.club/guides/axis-accor-returns-miles-and-more-september-2026/ ; https://traveledge.axis.bank.in/travel/common/termsandcondition,2026-09-25
axis-burgundy-private,AXIS_EDGE_RP,JAL_MILEAGE_BANK,5,4,0.8,5:4,300,300000,AXIS_TIER_TABLE,INFERRED_STANDARD_TIER,"Axis Group A partner; annual cap 300,000 EDGE points shared across Group A",https://magnify.club/guides/axis-accor-returns-miles-and-more-september-2026/ ; https://traveledge.axis.bank.in/travel/common/termsandcondition,2026-09-25
axis-burgundy-private,AXIS_EDGE_RP,QANTAS_FREQUENT_FLYER,5,4,0.8,5:4,300,300000,AXIS_TIER_TABLE,EXPLICIT_SOURCE,"Axis Group A partner; annual cap 300,000 EDGE points shared across Group A",https://magnify.club/guides/axis-accor-returns-miles-and-more-september-2026/ ; https://traveledge.axis.bank.in/travel/common/termsandcondition,2026-09-25
axis-burgundy-private,AXIS_EDGE_RP,QATAR_PRIVILEGE_CLUB,5,4,0.8,5:4,300,300000,AXIS_TIER_TABLE,EXPLICIT_SOURCE,"Axis Group A partner; annual cap 300,000 EDGE points shared across Group A",https://magnify.club/guides/axis-accor-returns-miles-and-more-september-2026/ ; https://traveledge.axis.bank.in/travel/common/termsandcondition,2026-09-25
axis-burgundy-private,AXIS_EDGE_RP,KRISFLYER,5,4,0.8,5:4,300,300000,AXIS_TIER_TABLE,EXPLICIT_SOURCE,"Axis Group A partner; annual cap 300,000 EDGE points shared across Group A",https://magnify.club/guides/axis-accor-returns-miles-and-more-september-2026/ ; https://traveledge.axis.bank.in/travel/common/termsandcondition,2026-09-25
axis-burgundy-private,AXIS_EDGE_RP,THAI_ROYAL_ORCHID,5,4,0.8,5:4,300,300000,AXIS_TIER_TABLE,INFERRED_STANDARD_TIER,"Axis Group A partner; annual cap 300,000 EDGE points shared across Group A",https://magnify.club/guides/axis-accor-returns-miles-and-more-september-2026/ ; https://traveledge.axis.bank.in/travel/common/termsandcondition,2026-09-25
axis-burgundy-private,AXIS_EDGE_RP,TURKISH_MILES_SMILES,5,4,0.8,5:4,300,300000,AXIS_TIER_TABLE,INFERRED_STANDARD_TIER,"Axis Group A partner; annual cap 300,000 EDGE points shared across Group A",https://magnify.club/guides/axis-accor-returns-miles-and-more-september-2026/ ; https://traveledge.axis.bank.in/travel/common/termsandcondition,2026-09-25
axis-burgundy-private,AXIS_EDGE_RP,UNITED_MILEAGEPLUS,5,4,0.8,5:4,300,300000,AXIS_TIER_TABLE,INFERRED_STANDARD_TIER,"Axis Group A partner; annual cap 300,000 EDGE points shared across Group A",https://magnify.club/guides/axis-accor-returns-miles-and-more-september-2026/ ; https://traveledge.axis.bank.in/travel/common/termsandcondition,2026-09-25
axis-burgundy-private,AXIS_EDGE_RP,VIETNAM_LOTUSMILES,5,4,0.8,5:4,300,300000,AXIS_TIER_TABLE,EXPLICIT_SOURCE,"Axis Group A partner; annual cap 300,000 EDGE points shared across Group A",https://magnify.club/guides/axis-accor-returns-miles-and-more-september-2026/ ; https://traveledge.axis.bank.in/travel/common/termsandcondition,2026-09-25
axis-burgundy-private,AXIS_EDGE_RP,WYNDHAM_REWARDS,5,4,0.8,5:4,300,300000,AXIS_TIER_TABLE,INFERRED_STANDARD_TIER,"Axis Group A partner; annual cap 300,000 EDGE points shared across Group A",https://magnify.club/guides/axis-accor-returns-miles-and-more-september-2026/ ; https://traveledge.axis.bank.in/travel/common/termsandcondition,2026-09-25
axis-burgundy-private,AXIS_EDGE_RP,AIRASIA_REWARDS,5,4,0.8,5:4,300,1200000,AXIS_TIER_TABLE,INFERRED_STANDARD_TIER,"Axis Group B partner; annual cap 1,200,000 EDGE points shared across Group B",https://magnify.club/guides/axis-accor-returns-miles-and-more-september-2026/ ; https://traveledge.axis.bank.in/travel/common/termsandcondition,2026-09-25
axis-burgundy-private,AXIS_EDGE_RP,HILTON_HONORS,5,4,0.8,5:4,300,1200000,AXIS_TIER_TABLE,EXPLICIT_SOURCE,"Axis Group B partner; annual cap 1,200,000 EDGE points shared across Group B",https://magnify.club/guides/axis-accor-returns-miles-and-more-september-2026/ ; https://traveledge.axis.bank.in/travel/common/termsandcondition,2026-09-25
axis-burgundy-private,AXIS_EDGE_RP,IHG_ONE_REWARDS,5,4,0.8,5:4,300,1200000,AXIS_TIER_TABLE,INFERRED_STANDARD_TIER,"Axis Group B partner; annual cap 1,200,000 EDGE points shared across Group B",https://magnify.club/guides/axis-accor-returns-miles-and-more-september-2026/ ; https://traveledge.axis.bank.in/travel/common/termsandcondition,2026-09-25
axis-burgundy-private,AXIS_EDGE_RP,INDIGO_BLUCHIP,5,4,0.8,5:4,300,1200000,AXIS_TIER_TABLE,EXPLICIT_SOURCE,"Axis Group B partner; annual cap 1,200,000 EDGE points shared across Group B; standard ratio only during limited introductory offer, reduced ratio afterwards",https://magnify.club/guides/axis-accor-returns-miles-and-more-september-2026/ ; https://traveledge.axis.bank.in/travel/common/termsandcondition,2026-09-25
axis-burgundy-private,AXIS_EDGE_RP,MILES_AND_MORE,5,4,0.8,5:4,3000,1200000,AXIS_TIER_TABLE,EXPLICIT_SOURCE,"Axis Group B partner; annual cap 1,200,000 EDGE points shared across Group B; also 2,00,000 Miles&More miles/yr limit and min 3,000 miles per transfer",https://magnify.club/guides/axis-accor-returns-miles-and-more-september-2026/ ; https://traveledge.axis.bank.in/travel/common/termsandcondition,2026-09-25
axis-burgundy-private,AXIS_EDGE_RP,ORCHID_REWARDS,5,4,0.8,5:4,300,1200000,AXIS_TIER_TABLE,INFERRED_STANDARD_TIER,"Axis Group B partner; annual cap 1,200,000 EDGE points shared across Group B",https://magnify.club/guides/axis-accor-returns-miles-and-more-september-2026/ ; https://traveledge.axis.bank.in/travel/common/termsandcondition,2026-09-25
axis-burgundy-private,AXIS_EDGE_RP,POSTCARD_SUNSHINE_CLUB,5,4,0.8,5:4,300,1200000,AXIS_TIER_TABLE,INFERRED_STANDARD_TIER,"Axis Group B partner; annual cap 1,200,000 EDGE points shared across Group B",https://magnify.club/guides/axis-accor-returns-miles-and-more-september-2026/ ; https://traveledge.axis.bank.in/travel/common/termsandcondition,2026-09-25
axis-burgundy-private,AXIS_EDGE_RP,RADISSON_REWARDS,5,4,0.8,5:4,300,1200000,AXIS_TIER_TABLE,INFERRED_STANDARD_TIER,"Axis Group B partner; annual cap 1,200,000 EDGE points shared across Group B",https://magnify.club/guides/axis-accor-returns-miles-and-more-september-2026/ ; https://traveledge.axis.bank.in/travel/common/termsandcondition,2026-09-25
axis-burgundy-private,AXIS_EDGE_RP,SPICEJET_SPICECLUB,5,4,0.8,5:4,300,1200000,AXIS_TIER_TABLE,INFERRED_STANDARD_TIER,"Axis Group B partner; annual cap 1,200,000 EDGE points shared across Group B",https://magnify.club/guides/axis-accor-returns-miles-and-more-september-2026/ ; https://traveledge.axis.bank.in/travel/common/termsandcondition,2026-09-25
axis-neo,AXIS_EDGE_RP,AIR_INDIA_MAHARAJA,20,1,0.05,20:1,300,,EXPLICIT_CARD,EXPLICIT_SOURCE,Entry-level Axis cards: 20:1 to Maharaja Club,https://magnify.club/guides/transfer-points-air-india-maharaja-club/,2026-09-23
axis-myzone,AXIS_EDGE_RP,AIR_INDIA_MAHARAJA,20,1,0.05,20:1,300,,EXPLICIT_CARD,EXPLICIT_SOURCE,Entry-level Axis cards: 20:1 to Maharaja Club,https://magnify.club/guides/transfer-points-air-india-maharaja-club/,2026-09-23
hdfc-infinia,HDFC_RP,AIR_INDIA_MAHARAJA,2,1,0.5,2:1,200,,EXPLICIT_CARD,EXPLICIT_SOURCE,,https://magnify.club/guides/transfer-points-air-india-maharaja-club/,2026-09-23
hdfc-infinia,HDFC_RP,KRISFLYER,1,1,1.0,1:1,1000,,EXPLICIT_CARD,EXPLICIT_SOURCE,Via SmartBuy > Miles Transfer,https://cardadvisor.in/articles/singapore-airlines-krisflyer-india-guide,2026-07-02
hdfc-infinia,HDFC_RP,FLYING_BLUE,1,1,1.0,1:1,1000,,EXPLICIT_CARD,EXPLICIT_SOURCE,,https://cardadvisor.in/articles/flying-blue-air-france-klm-india-guide,2026-07-02
hdfc-diners-black,HDFC_RP,AIR_INDIA_MAHARAJA,2,1,0.5,2:1,200,,EXPLICIT_CARD,EXPLICIT_SOURCE,,https://magnify.club/guides/transfer-points-air-india-maharaja-club/,2026-09-23
hdfc-diners-black,HDFC_RP,KRISFLYER,1,1,1.0,1:1,1000,,EXPLICIT_CARD,EXPLICIT_SOURCE,Via SmartBuy > Miles Transfer,https://cardadvisor.in/articles/singapore-airlines-krisflyer-india-guide,2026-07-02
hdfc-diners-black,HDFC_RP,FLYING_BLUE,1,1,1.0,1:1,1000,,EXPLICIT_CARD,EXPLICIT_SOURCE,,https://cardadvisor.in/articles/flying-blue-air-france-klm-india-guide,2026-07-02
hdfc-infinia,HDFC_RP,ACCOR_ALL,2,1,0.5,2:1,1000,,CURRENCY_LEVEL,INFERRED_ELIGIBILITY,HDFC->Accor 2:1 is published at currency level; per-card eligibility not itemised,https://all.accor.com/loyalty-program/partners/conditions/hdfc/index.en.shtml,2026-07-16
hdfc-diners-black,HDFC_RP,ACCOR_ALL,2,1,0.5,2:1,1000,,CURRENCY_LEVEL,INFERRED_ELIGIBILITY,HDFC->Accor 2:1 is published at currency level; per-card eligibility not itemised,https://all.accor.com/loyalty-program/partners/conditions/hdfc/index.en.shtml,2026-07-16
hdfc-regalia-gold,HDFC_RP,ACCOR_ALL,2,1,0.5,2:1,1000,,CURRENCY_LEVEL,INFERRED_ELIGIBILITY,HDFC->Accor 2:1 is published at currency level; per-card eligibility not itemised,https://all.accor.com/loyalty-program/partners/conditions/hdfc/index.en.shtml,2026-07-16
hdfc-regalia-gold,HDFC_RP,AIR_INDIA_MAHARAJA,3,1,0.3333,3:1,300,,EXPLICIT_CARD,EXPLICIT_SOURCE,,https://magnify.club/guides/transfer-points-air-india-maharaja-club/,2026-09-23
hdfc-regalia-gold,HDFC_RP,KRISFLYER,2,1,0.5,2:1,1000,,EXPLICIT_CARD,EXPLICIT_SOURCE,,https://cardadvisor.in/articles/singapore-airlines-krisflyer-india-guide,2026-07-02
hdfc-diners-privilege,HDFC_RP,KRISFLYER,2,1,0.5,2:1,1000,,EXPLICIT_CARD,EXPLICIT_SOURCE,KrisFlyer is the ONLY transfer partner for Diners Club Privilege / plain Regalia,https://cardadvisor.in/articles/singapore-airlines-krisflyer-india-guide,2026-07-02
hsbc-premier,HSBC_RP,AIR_INDIA_MAHARAJA,1,1,1.0,1:1,1,No cap,EXPLICIT_CARD,EXPLICIT_SOURCE,,https://magnify.club/guides/transfer-points-air-india-maharaja-club/,2026-07-17
hsbc-premier,HSBC_RP,KRISFLYER,1,1,1.0,1:1,1,No cap,EXPLICIT_CARD,EXPLICIT_SOURCE,,https://cardadvisor.in/articles/singapore-airlines-krisflyer-india-guide,2026-07-17
hsbc-premier,HSBC_RP,FLYING_BLUE,1,1,1.0,1:1,1,No cap,EXPLICIT_CARD,EXPLICIT_SOURCE,,https://cardadvisor.in/articles/singapore-airlines-krisflyer-india-guide,2026-07-17
hsbc-premier,HSBC_RP,ACCOR_ALL,1,1,1.0,1:1,1,No cap,EXPLICIT_CARD,EXPLICIT_SOURCE,,https://cardadvisor.in/articles/singapore-airlines-krisflyer-india-guide,2026-07-17
hsbc-travelone,HSBC_RP,AIR_INDIA_MAHARAJA,1,1,1.0,1:1,1,No cap,EXPLICIT_CARD,EXPLICIT_SOURCE,,https://magnify.club/guides/transfer-points-air-india-maharaja-club/,2026-07-17
hsbc-travelone,HSBC_RP,KRISFLYER,1,1,1.0,1:1,1,No cap,EXPLICIT_CARD,EXPLICIT_SOURCE,,https://cardadvisor.in/articles/singapore-airlines-krisflyer-india-guide,2026-07-17
hsbc-travelone,HSBC_RP,FLYING_BLUE,1,1,1.0,1:1,1,No cap,EXPLICIT_CARD,EXPLICIT_SOURCE,,https://cardadvisor.in/articles/singapore-airlines-krisflyer-india-guide,2026-07-17
hsbc-travelone,HSBC_RP,ACCOR_ALL,1,1,1.0,1:1,1,No cap,EXPLICIT_CARD,EXPLICIT_SOURCE,,https://cardadvisor.in/articles/singapore-airlines-krisflyer-india-guide,2026-07-17
hsbc-platinum,HSBC_RP,AIR_INDIA_MAHARAJA,2,1,0.5,2:1,2,,EXPLICIT_CARD,EXPLICIT_SOURCE,,https://magnify.club/guides/transfer-points-air-india-maharaja-club/,2026-09-23
icici-emeralde-private,ICICI_RP,AIR_INDIA_MAHARAJA,1,1,1.0,1:1,1,,EXPLICIT_CARD,EXPLICIT_SOURCE,,https://magnify.club/guides/transfer-points-air-india-maharaja-club/,2026-09-23
icici-times-black,ICICI_RP,AIR_INDIA_MAHARAJA,1,1,1.0,1:1,1,,EXPLICIT_CARD,EXPLICIT_SOURCE,,https://magnify.club/guides/transfer-points-air-india-maharaja-club/,2026-09-23
sbi-aurum,SBI_RP,AIR_INDIA_MAHARAJA,5,1,0.2,5:1,500,,EXPLICIT_CARD,EXPLICIT_SOURCE,,https://magnify.club/guides/transfer-points-air-india-maharaja-club/,2026-09-23
sbi-aurum,SBI_RP,QATAR_PRIVILEGE_CLUB,5,1,0.2,5:1,500,,EXPLICIT_CARD,EXPLICIT_SOURCE,SBI Aurum rewards portal / Qatar partner page,https://rewards.aurumcreditcard.com/points-transfer,2026-07-17
sbi-aurum,SBI_RP,CLUB_ITC,5,1,0.2,5:1,500,,EXPLICIT_CARD,EXPLICIT_SOURCE,SBI Aurum rewards portal / Qatar partner page,https://rewards.aurumcreditcard.com/points-transfer,2026-07-17
sbi-aurum,SBI_RP,AIRASIA_REWARDS,4,1,0.25,4:1,500,,EXPLICIT_CARD,EXPLICIT_SOURCE,SBI Aurum rewards portal / Qatar partner page,https://rewards.aurumcreditcard.com/points-transfer,2026-07-17
rbl-nova,RBL_RP,KRISFLYER,2,1,0.5,2:1,,,EXPLICIT_CARD,EXPLICIT_SOURCE,Stated on RBL Nova card page,https://www.rbl.bank.in/personal-banking/cards/credit-cards/nova-credit-card,2026-07-17
rbl-nova,RBL_RP,QATAR_PRIVILEGE_CLUB,2,1,0.5,2:1,,,EXPLICIT_CARD,EXPLICIT_SOURCE,Stated on RBL Nova card page,https://www.rbl.bank.in/personal-banking/cards/credit-cards/nova-credit-card,2026-07-17
amex-centurion,AMEX_MR,MARRIOTT_BONVOY,1,1,1.0,1:1,"Multiples of 1,000 pts",,CURRENCY_LEVEL,SOURCE_UNVERIFIED_BY_PUBLISHER,,,2026-08-18
amex-gold,AMEX_MR,MARRIOTT_BONVOY,1,1,1.0,1:1,"Multiples of 1,000 pts",,CURRENCY_LEVEL,SOURCE_UNVERIFIED_BY_PUBLISHER,,,2026-08-18
amex-mrcc,AMEX_MR,MARRIOTT_BONVOY,1,1,1.0,1:1,"Multiples of 1,000 pts",,CURRENCY_LEVEL,SOURCE_UNVERIFIED_BY_PUBLISHER,,,2026-08-18
amex-platinum-charge,AMEX_MR,MARRIOTT_BONVOY,1,1,1.0,1:1,"Multiples of 1,000 pts",,CURRENCY_LEVEL,SOURCE_UNVERIFIED_BY_PUBLISHER,,,2026-08-18
amex-platinum-reserve,AMEX_MR,MARRIOTT_BONVOY,1,1,1.0,1:1,"Multiples of 1,000 pts",,CURRENCY_LEVEL,SOURCE_UNVERIFIED_BY_PUBLISHER,,,2026-08-18
amex-platinum-travel,AMEX_MR,MARRIOTT_BONVOY,1,1,1.0,1:1,"Multiples of 1,000 pts",,CURRENCY_LEVEL,SOURCE_UNVERIFIED_BY_PUBLISHER,,,2026-08-18
amex-smartearn,AMEX_MR,MARRIOTT_BONVOY,1,1,1.0,1:1,"Multiples of 1,000 pts",,CURRENCY_LEVEL,SOURCE_UNVERIFIED_BY_PUBLISHER,,,2026-08-18
amex-centurion,AMEX_MR,KRISFLYER,2,1,0.5,2:1,"Multiples of 1,000 pts",,CURRENCY_LEVEL,SOURCE_UNVERIFIED_BY_PUBLISHER,,https://magnify.club/guides/amex-india-transfer-partners/,2026-08-18
amex-gold,AMEX_MR,KRISFLYER,2,1,0.5,2:1,"Multiples of 1,000 pts",,CURRENCY_LEVEL,SOURCE_UNVERIFIED_BY_PUBLISHER,,https://magnify.club/guides/amex-india-transfer-partners/,2026-08-18
amex-mrcc,AMEX_MR,KRISFLYER,2,1,0.5,2:1,"Multiples of 1,000 pts",,CURRENCY_LEVEL,SOURCE_UNVERIFIED_BY_PUBLISHER,,https://magnify.club/guides/amex-india-transfer-partners/,2026-08-18
amex-platinum-charge,AMEX_MR,KRISFLYER,2,1,0.5,2:1,"Multiples of 1,000 pts",,CURRENCY_LEVEL,SOURCE_UNVERIFIED_BY_PUBLISHER,,https://magnify.club/guides/amex-india-transfer-partners/,2026-08-18
amex-platinum-reserve,AMEX_MR,KRISFLYER,2,1,0.5,2:1,"Multiples of 1,000 pts",,CURRENCY_LEVEL,SOURCE_UNVERIFIED_BY_PUBLISHER,,https://magnify.club/guides/amex-india-transfer-partners/,2026-08-18
amex-platinum-travel,AMEX_MR,KRISFLYER,2,1,0.5,2:1,"Multiples of 1,000 pts",,CURRENCY_LEVEL,SOURCE_UNVERIFIED_BY_PUBLISHER,,https://magnify.club/guides/amex-india-transfer-partners/,2026-08-18
amex-smartearn,AMEX_MR,KRISFLYER,2,1,0.5,2:1,"Multiples of 1,000 pts",,CURRENCY_LEVEL,SOURCE_UNVERIFIED_BY_PUBLISHER,,https://magnify.club/guides/amex-india-transfer-partners/,2026-08-18
amex-centurion,AMEX_MR,BA_EXECUTIVE_CLUB,2,1,0.5,2:1,"Multiples of 1,000 pts",,CURRENCY_LEVEL,SOURCE_UNVERIFIED_BY_PUBLISHER,,https://magnify.club/guides/amex-india-transfer-partners/,2026-08-18
amex-gold,AMEX_MR,BA_EXECUTIVE_CLUB,2,1,0.5,2:1,"Multiples of 1,000 pts",,CURRENCY_LEVEL,SOURCE_UNVERIFIED_BY_PUBLISHER,,https://magnify.club/guides/amex-india-transfer-partners/,2026-08-18
amex-mrcc,AMEX_MR,BA_EXECUTIVE_CLUB,2,1,0.5,2:1,"Multiples of 1,000 pts",,CURRENCY_LEVEL,SOURCE_UNVERIFIED_BY_PUBLISHER,,https://magnify.club/guides/amex-india-transfer-partners/,2026-08-18
amex-platinum-charge,AMEX_MR,BA_EXECUTIVE_CLUB,2,1,0.5,2:1,"Multiples of 1,000 pts",,CURRENCY_LEVEL,SOURCE_UNVERIFIED_BY_PUBLISHER,,https://magnify.club/guides/amex-india-transfer-partners/,2026-08-18
amex-platinum-reserve,AMEX_MR,BA_EXECUTIVE_CLUB,2,1,0.5,2:1,"Multiples of 1,000 pts",,CURRENCY_LEVEL,SOURCE_UNVERIFIED_BY_PUBLISHER,,https://magnify.club/guides/amex-india-transfer-partners/,2026-08-18
amex-platinum-travel,AMEX_MR,BA_EXECUTIVE_CLUB,2,1,0.5,2:1,"Multiples of 1,000 pts",,CURRENCY_LEVEL,SOURCE_UNVERIFIED_BY_PUBLISHER,,https://magnify.club/guides/amex-india-transfer-partners/,2026-08-18
amex-smartearn,AMEX_MR,BA_EXECUTIVE_CLUB,2,1,0.5,2:1,"Multiples of 1,000 pts",,CURRENCY_LEVEL,SOURCE_UNVERIFIED_BY_PUBLISHER,,https://magnify.club/guides/amex-india-transfer-partners/,2026-08-18
amex-centurion,AMEX_MR,QATAR_PRIVILEGE_CLUB,2,1,0.5,2:1,"Multiples of 1,000 pts",,CURRENCY_LEVEL,SOURCE_UNVERIFIED_BY_PUBLISHER,,https://magnify.club/guides/amex-india-transfer-partners/,2026-08-18
amex-gold,AMEX_MR,QATAR_PRIVILEGE_CLUB,2,1,0.5,2:1,"Multiples of 1,000 pts",,CURRENCY_LEVEL,SOURCE_UNVERIFIED_BY_PUBLISHER,,https://magnify.club/guides/amex-india-transfer-partners/,2026-08-18
amex-mrcc,AMEX_MR,QATAR_PRIVILEGE_CLUB,2,1,0.5,2:1,"Multiples of 1,000 pts",,CURRENCY_LEVEL,SOURCE_UNVERIFIED_BY_PUBLISHER,,https://magnify.club/guides/amex-india-transfer-partners/,2026-08-18
amex-platinum-charge,AMEX_MR,QATAR_PRIVILEGE_CLUB,2,1,0.5,2:1,"Multiples of 1,000 pts",,CURRENCY_LEVEL,SOURCE_UNVERIFIED_BY_PUBLISHER,,https://magnify.club/guides/amex-india-transfer-partners/,2026-08-18
amex-platinum-reserve,AMEX_MR,QATAR_PRIVILEGE_CLUB,2,1,0.5,2:1,"Multiples of 1,000 pts",,CURRENCY_LEVEL,SOURCE_UNVERIFIED_BY_PUBLISHER,,https://magnify.club/guides/amex-india-transfer-partners/,2026-08-18
amex-platinum-travel,AMEX_MR,QATAR_PRIVILEGE_CLUB,2,1,0.5,2:1,"Multiples of 1,000 pts",,CURRENCY_LEVEL,SOURCE_UNVERIFIED_BY_PUBLISHER,,https://magnify.club/guides/amex-india-transfer-partners/,2026-08-18
amex-smartearn,AMEX_MR,QATAR_PRIVILEGE_CLUB,2,1,0.5,2:1,"Multiples of 1,000 pts",,CURRENCY_LEVEL,SOURCE_UNVERIFIED_BY_PUBLISHER,,https://magnify.club/guides/amex-india-transfer-partners/,2026-08-18
amex-centurion,AMEX_MR,ASIA_MILES,2,1,0.5,2:1,"Multiples of 1,000 pts",,CURRENCY_LEVEL,SOURCE_UNVERIFIED_BY_PUBLISHER,,https://magnify.club/guides/amex-india-transfer-partners/,2026-08-18
amex-gold,AMEX_MR,ASIA_MILES,2,1,0.5,2:1,"Multiples of 1,000 pts",,CURRENCY_LEVEL,SOURCE_UNVERIFIED_BY_PUBLISHER,,https://magnify.club/guides/amex-india-transfer-partners/,2026-08-18
amex-mrcc,AMEX_MR,ASIA_MILES,2,1,0.5,2:1,"Multiples of 1,000 pts",,CURRENCY_LEVEL,SOURCE_UNVERIFIED_BY_PUBLISHER,,https://magnify.club/guides/amex-india-transfer-partners/,2026-08-18
amex-platinum-charge,AMEX_MR,ASIA_MILES,2,1,0.5,2:1,"Multiples of 1,000 pts",,CURRENCY_LEVEL,SOURCE_UNVERIFIED_BY_PUBLISHER,,https://magnify.club/guides/amex-india-transfer-partners/,2026-08-18
amex-platinum-reserve,AMEX_MR,ASIA_MILES,2,1,0.5,2:1,"Multiples of 1,000 pts",,CURRENCY_LEVEL,SOURCE_UNVERIFIED_BY_PUBLISHER,,https://magnify.club/guides/amex-india-transfer-partners/,2026-08-18
amex-platinum-travel,AMEX_MR,ASIA_MILES,2,1,0.5,2:1,"Multiples of 1,000 pts",,CURRENCY_LEVEL,SOURCE_UNVERIFIED_BY_PUBLISHER,,https://magnify.club/guides/amex-india-transfer-partners/,2026-08-18
amex-smartearn,AMEX_MR,ASIA_MILES,2,1,0.5,2:1,"Multiples of 1,000 pts",,CURRENCY_LEVEL,SOURCE_UNVERIFIED_BY_PUBLISHER,,https://magnify.club/guides/amex-india-transfer-partners/,2026-08-18
amex-centurion,AMEX_MR,VIRGIN_ATLANTIC,5,4,0.8,5:4,Min 800 MR then multiples of 400,,CURRENCY_LEVEL,EXPLICIT_SOURCE,,https://www.americanexpress.com/content/dam/amex/in/benefits/VirginHilton_Aug26.pdf,2026-08-18
amex-gold,AMEX_MR,VIRGIN_ATLANTIC,5,4,0.8,5:4,Min 800 MR then multiples of 400,,CURRENCY_LEVEL,EXPLICIT_SOURCE,,https://www.americanexpress.com/content/dam/amex/in/benefits/VirginHilton_Aug26.pdf,2026-08-18
amex-mrcc,AMEX_MR,VIRGIN_ATLANTIC,5,4,0.8,5:4,Min 800 MR then multiples of 400,,CURRENCY_LEVEL,EXPLICIT_SOURCE,,https://www.americanexpress.com/content/dam/amex/in/benefits/VirginHilton_Aug26.pdf,2026-08-18
amex-platinum-charge,AMEX_MR,VIRGIN_ATLANTIC,5,4,0.8,5:4,Min 800 MR then multiples of 400,,CURRENCY_LEVEL,EXPLICIT_SOURCE,,https://www.americanexpress.com/content/dam/amex/in/benefits/VirginHilton_Aug26.pdf,2026-08-18
amex-platinum-reserve,AMEX_MR,VIRGIN_ATLANTIC,5,4,0.8,5:4,Min 800 MR then multiples of 400,,CURRENCY_LEVEL,EXPLICIT_SOURCE,,https://www.americanexpress.com/content/dam/amex/in/benefits/VirginHilton_Aug26.pdf,2026-08-18
amex-platinum-travel,AMEX_MR,VIRGIN_ATLANTIC,5,4,0.8,5:4,Min 800 MR then multiples of 400,,CURRENCY_LEVEL,EXPLICIT_SOURCE,,https://www.americanexpress.com/content/dam/amex/in/benefits/VirginHilton_Aug26.pdf,2026-08-18
amex-smartearn,AMEX_MR,VIRGIN_ATLANTIC,5,4,0.8,5:4,Min 800 MR then multiples of 400,,CURRENCY_LEVEL,EXPLICIT_SOURCE,,https://www.americanexpress.com/content/dam/amex/in/benefits/VirginHilton_Aug26.pdf,2026-08-18
amex-centurion,AMEX_MR,HILTON_HONORS,2,3,1.5,2:3,"Min 1,000 MR per transaction",,CURRENCY_LEVEL,EXPLICIT_SOURCE,,https://www.americanexpress.com/content/dam/amex/in/benefits/VirginHilton_Aug26.pdf,2026-08-18
amex-gold,AMEX_MR,HILTON_HONORS,2,3,1.5,2:3,"Min 1,000 MR per transaction",,CURRENCY_LEVEL,EXPLICIT_SOURCE,,https://www.americanexpress.com/content/dam/amex/in/benefits/VirginHilton_Aug26.pdf,2026-08-18
amex-mrcc,AMEX_MR,HILTON_HONORS,2,3,1.5,2:3,"Min 1,000 MR per transaction",,CURRENCY_LEVEL,EXPLICIT_SOURCE,,https://www.americanexpress.com/content/dam/amex/in/benefits/VirginHilton_Aug26.pdf,2026-08-18
amex-platinum-charge,AMEX_MR,HILTON_HONORS,2,3,1.5,2:3,"Min 1,000 MR per transaction",,CURRENCY_LEVEL,EXPLICIT_SOURCE,,https://www.americanexpress.com/content/dam/amex/in/benefits/VirginHilton_Aug26.pdf,2026-08-18
amex-platinum-reserve,AMEX_MR,HILTON_HONORS,2,3,1.5,2:3,"Min 1,000 MR per transaction",,CURRENCY_LEVEL,EXPLICIT_SOURCE,,https://www.americanexpress.com/content/dam/amex/in/benefits/VirginHilton_Aug26.pdf,2026-08-18
amex-platinum-travel,AMEX_MR,HILTON_HONORS,2,3,1.5,2:3,"Min 1,000 MR per transaction",,CURRENCY_LEVEL,EXPLICIT_SOURCE,,https://www.americanexpress.com/content/dam/amex/in/benefits/VirginHilton_Aug26.pdf,2026-08-18
amex-smartearn,AMEX_MR,HILTON_HONORS,2,3,1.5,2:3,"Min 1,000 MR per transaction",,CURRENCY_LEVEL,EXPLICIT_SOURCE,,https://www.americanexpress.com/content/dam/amex/in/benefits/VirginHilton_Aug26.pdf,2026-08-18
kotak-air,KOTAK_AIR_MILES,ACCOR_ALL,2,1,0.5,2:1,"Min 1,000 miles (2,000 Solitaire)",,CURRENCY_LEVEL,EXPLICIT_SOURCE,,https://www.kotak.bank.in/content/dam/Kotak/gsfcfiles/credit-cards/miles-transfer-ratio-01092025.pdf,2026-07-17
kotak-air-plus-prime,KOTAK_AIR_MILES,ACCOR_ALL,2,1,0.5,2:1,"Min 1,000 miles (2,000 Solitaire)",,CURRENCY_LEVEL,EXPLICIT_SOURCE,,https://www.kotak.bank.in/content/dam/Kotak/gsfcfiles/credit-cards/miles-transfer-ratio-01092025.pdf,2026-07-17
kotak-solitaire,KOTAK_AIR_MILES,ACCOR_ALL,2,1,0.5,2:1,"Min 1,000 miles (2,000 Solitaire)",,CURRENCY_LEVEL,EXPLICIT_SOURCE,,https://www.kotak.bank.in/content/dam/Kotak/gsfcfiles/credit-cards/miles-transfer-ratio-01092025.pdf,2026-07-17
kotak-air,KOTAK_AIR_MILES,QATAR_PRIVILEGE_CLUB,2,1,0.5,2:1,"Min 1,000 miles (2,000 Solitaire)",,CURRENCY_LEVEL,EXPLICIT_SOURCE,,https://www.kotak.bank.in/content/dam/Kotak/gsfcfiles/credit-cards/miles-transfer-ratio-01092025.pdf,2026-07-17
kotak-air-plus-prime,KOTAK_AIR_MILES,QATAR_PRIVILEGE_CLUB,2,1,0.5,2:1,"Min 1,000 miles (2,000 Solitaire)",,CURRENCY_LEVEL,EXPLICIT_SOURCE,,https://www.kotak.bank.in/content/dam/Kotak/gsfcfiles/credit-cards/miles-transfer-ratio-01092025.pdf,2026-07-17
kotak-solitaire,KOTAK_AIR_MILES,QATAR_PRIVILEGE_CLUB,2,1,0.5,2:1,"Min 1,000 miles (2,000 Solitaire)",,CURRENCY_LEVEL,EXPLICIT_SOURCE,,https://www.kotak.bank.in/content/dam/Kotak/gsfcfiles/credit-cards/miles-transfer-ratio-01092025.pdf,2026-07-17
kotak-air,KOTAK_AIR_MILES,BA_EXECUTIVE_CLUB,2,1,0.5,2:1,"Min 1,000 miles (2,000 Solitaire)",,CURRENCY_LEVEL,EXPLICIT_SOURCE,,https://www.kotak.bank.in/content/dam/Kotak/gsfcfiles/credit-cards/miles-transfer-ratio-01092025.pdf,2026-07-17
kotak-air-plus-prime,KOTAK_AIR_MILES,BA_EXECUTIVE_CLUB,2,1,0.5,2:1,"Min 1,000 miles (2,000 Solitaire)",,CURRENCY_LEVEL,EXPLICIT_SOURCE,,https://www.kotak.bank.in/content/dam/Kotak/gsfcfiles/credit-cards/miles-transfer-ratio-01092025.pdf,2026-07-17
kotak-solitaire,KOTAK_AIR_MILES,BA_EXECUTIVE_CLUB,2,1,0.5,2:1,"Min 1,000 miles (2,000 Solitaire)",,CURRENCY_LEVEL,EXPLICIT_SOURCE,,https://www.kotak.bank.in/content/dam/Kotak/gsfcfiles/credit-cards/miles-transfer-ratio-01092025.pdf,2026-07-17
kotak-air,KOTAK_AIR_MILES,ASIA_MILES,2,1,0.5,2:1,"Min 1,000 miles (2,000 Solitaire)",,CURRENCY_LEVEL,EXPLICIT_SOURCE,,https://www.kotak.bank.in/content/dam/Kotak/gsfcfiles/credit-cards/miles-transfer-ratio-01092025.pdf,2026-07-17
kotak-air-plus-prime,KOTAK_AIR_MILES,ASIA_MILES,2,1,0.5,2:1,"Min 1,000 miles (2,000 Solitaire)",,CURRENCY_LEVEL,EXPLICIT_SOURCE,,https://www.kotak.bank.in/content/dam/Kotak/gsfcfiles/credit-cards/miles-transfer-ratio-01092025.pdf,2026-07-17
kotak-solitaire,KOTAK_AIR_MILES,ASIA_MILES,2,1,0.5,2:1,"Min 1,000 miles (2,000 Solitaire)",,CURRENCY_LEVEL,EXPLICIT_SOURCE,,https://www.kotak.bank.in/content/dam/Kotak/gsfcfiles/credit-cards/miles-transfer-ratio-01092025.pdf,2026-07-17
kotak-air,KOTAK_AIR_MILES,FLYING_BLUE,2,1,0.5,2:1,"Min 1,000 miles (2,000 Solitaire)",,CURRENCY_LEVEL,EXPLICIT_SOURCE,,https://www.kotak.bank.in/content/dam/Kotak/gsfcfiles/credit-cards/miles-transfer-ratio-01092025.pdf,2026-07-17
kotak-air-plus-prime,KOTAK_AIR_MILES,FLYING_BLUE,2,1,0.5,2:1,"Min 1,000 miles (2,000 Solitaire)",,CURRENCY_LEVEL,EXPLICIT_SOURCE,,https://www.kotak.bank.in/content/dam/Kotak/gsfcfiles/credit-cards/miles-transfer-ratio-01092025.pdf,2026-07-17
kotak-solitaire,KOTAK_AIR_MILES,FLYING_BLUE,2,1,0.5,2:1,"Min 1,000 miles (2,000 Solitaire)",,CURRENCY_LEVEL,EXPLICIT_SOURCE,,https://www.kotak.bank.in/content/dam/Kotak/gsfcfiles/credit-cards/miles-transfer-ratio-01092025.pdf,2026-07-17
kotak-air,KOTAK_AIR_MILES,UNITED_MILEAGEPLUS,2,1,0.5,2:1,"Min 1,000 miles (2,000 Solitaire)",,CURRENCY_LEVEL,EXPLICIT_SOURCE,,https://www.kotak.bank.in/content/dam/Kotak/gsfcfiles/credit-cards/miles-transfer-ratio-01092025.pdf,2026-07-17
kotak-air-plus-prime,KOTAK_AIR_MILES,UNITED_MILEAGEPLUS,2,1,0.5,2:1,"Min 1,000 miles (2,000 Solitaire)",,CURRENCY_LEVEL,EXPLICIT_SOURCE,,https://www.kotak.bank.in/content/dam/Kotak/gsfcfiles/credit-cards/miles-transfer-ratio-01092025.pdf,2026-07-17
kotak-solitaire,KOTAK_AIR_MILES,UNITED_MILEAGEPLUS,2,1,0.5,2:1,"Min 1,000 miles (2,000 Solitaire)",,CURRENCY_LEVEL,EXPLICIT_SOURCE,,https://www.kotak.bank.in/content/dam/Kotak/gsfcfiles/credit-cards/miles-transfer-ratio-01092025.pdf,2026-07-17
kotak-air,KOTAK_AIR_MILES,ETIHAD_GUEST,2,1,0.5,2:1,"Min 1,000 miles (2,000 Solitaire)",,CURRENCY_LEVEL,EXPLICIT_SOURCE,,https://www.kotak.bank.in/content/dam/Kotak/gsfcfiles/credit-cards/miles-transfer-ratio-01092025.pdf,2026-07-17
kotak-air-plus-prime,KOTAK_AIR_MILES,ETIHAD_GUEST,2,1,0.5,2:1,"Min 1,000 miles (2,000 Solitaire)",,CURRENCY_LEVEL,EXPLICIT_SOURCE,,https://www.kotak.bank.in/content/dam/Kotak/gsfcfiles/credit-cards/miles-transfer-ratio-01092025.pdf,2026-07-17
kotak-solitaire,KOTAK_AIR_MILES,ETIHAD_GUEST,2,1,0.5,2:1,"Min 1,000 miles (2,000 Solitaire)",,CURRENCY_LEVEL,EXPLICIT_SOURCE,,https://www.kotak.bank.in/content/dam/Kotak/gsfcfiles/credit-cards/miles-transfer-ratio-01092025.pdf,2026-07-17
kotak-air,KOTAK_AIR_MILES,AEROPLAN,2,1,0.5,2:1,"Min 1,000 miles",,CURRENCY_LEVEL,EXPLICIT_SOURCE,,https://images.kotak.bank.in/bank/mailers/2026/files/Air%20Miles%20Transfer%20Ratio_Kotak%20Air+%20Prime%20Credit%20Card%20clean%20copy.pdf,2026-07-17
kotak-air-plus-prime,KOTAK_AIR_MILES,AEROPLAN,2,1,0.5,2:1,"Min 1,000 miles",,CURRENCY_LEVEL,EXPLICIT_SOURCE,,https://images.kotak.bank.in/bank/mailers/2026/files/Air%20Miles%20Transfer%20Ratio_Kotak%20Air+%20Prime%20Credit%20Card%20clean%20copy.pdf,2026-07-17
kotak-solitaire,KOTAK_AIR_MILES,AEROPLAN,2,1,0.5,2:1,"Min 1,000 miles",,CURRENCY_LEVEL,EXPLICIT_SOURCE,,https://images.kotak.bank.in/bank/mailers/2026/files/Air%20Miles%20Transfer%20Ratio_Kotak%20Air+%20Prime%20Credit%20Card%20clean%20copy.pdf,2026-07-17
kotak-air,KOTAK_AIR_MILES,MARRIOTT_BONVOY,3,1,0.3333,3:1,"Min 1,000 miles (2,000 Solitaire)",,CURRENCY_LEVEL,EXPLICIT_SOURCE,,https://www.kotak.bank.in/content/dam/Kotak/gsfcfiles/credit-cards/miles-transfer-ratio-01092025.pdf,2026-07-17
kotak-air-plus-prime,KOTAK_AIR_MILES,MARRIOTT_BONVOY,3,1,0.3333,3:1,"Min 1,000 miles (2,000 Solitaire)",,CURRENCY_LEVEL,EXPLICIT_SOURCE,,https://www.kotak.bank.in/content/dam/Kotak/gsfcfiles/credit-cards/miles-transfer-ratio-01092025.pdf,2026-07-17
kotak-solitaire,KOTAK_AIR_MILES,MARRIOTT_BONVOY,3,1,0.3333,3:1,"Min 1,000 miles (2,000 Solitaire)",,CURRENCY_LEVEL,EXPLICIT_SOURCE,,https://www.kotak.bank.in/content/dam/Kotak/gsfcfiles/credit-cards/miles-transfer-ratio-01092025.pdf,2026-07-17
sbi-miles,SBI_TRAVEL_CREDITS,AIR_INDIA_MAHARAJA,1,1,1.0,1:1,1000,,CURRENCY_LEVEL,EXPLICIT_SOURCE,,https://www.airindia.com/in/en/maharaja-club/partner-offers/sbi-miles-travel-card.html,2026-07-17
sbi-miles-elite,SBI_TRAVEL_CREDITS,AIR_INDIA_MAHARAJA,1,1,1.0,1:1,1000,,CURRENCY_LEVEL,EXPLICIT_SOURCE,,https://www.airindia.com/in/en/maharaja-club/partner-offers/sbi-miles-travel-card.html,2026-07-17
sbi-miles-prime,SBI_TRAVEL_CREDITS,AIR_INDIA_MAHARAJA,1,1,1.0,1:1,1000,,CURRENCY_LEVEL,EXPLICIT_SOURCE,,https://www.airindia.com/in/en/maharaja-club/partner-offers/sbi-miles-travel-card.html,2026-07-17
sbi-miles,SBI_TRAVEL_CREDITS,AEROPLAN,1,1,1.0,1:1,No minimum published,,CURRENCY_LEVEL,EXPLICIT_SOURCE,,https://www.sbicard.com/sbi-card-en/assets/docs/pdf/tnc/rewards-program-TnC-miles.pdf,2026-07-17
sbi-miles-elite,SBI_TRAVEL_CREDITS,AEROPLAN,1,1,1.0,1:1,No minimum published,,CURRENCY_LEVEL,EXPLICIT_SOURCE,,https://www.sbicard.com/sbi-card-en/assets/docs/pdf/tnc/rewards-program-TnC-miles.pdf,2026-07-17
sbi-miles-prime,SBI_TRAVEL_CREDITS,AEROPLAN,1,1,1.0,1:1,No minimum published,,CURRENCY_LEVEL,EXPLICIT_SOURCE,,https://www.sbicard.com/sbi-card-en/assets/docs/pdf/tnc/rewards-program-TnC-miles.pdf,2026-07-17
sbi-miles,SBI_TRAVEL_CREDITS,BA_EXECUTIVE_CLUB,1,1,1.0,1:1,No minimum published,,CURRENCY_LEVEL,EXPLICIT_SOURCE,,https://www.sbicard.com/sbi-card-en/assets/docs/pdf/tnc/rewards-program-TnC-miles.pdf,2026-07-17
sbi-miles-elite,SBI_TRAVEL_CREDITS,BA_EXECUTIVE_CLUB,1,1,1.0,1:1,No minimum published,,CURRENCY_LEVEL,EXPLICIT_SOURCE,,https://www.sbicard.com/sbi-card-en/assets/docs/pdf/tnc/rewards-program-TnC-miles.pdf,2026-07-17
sbi-miles-prime,SBI_TRAVEL_CREDITS,BA_EXECUTIVE_CLUB,1,1,1.0,1:1,No minimum published,,CURRENCY_LEVEL,EXPLICIT_SOURCE,,https://www.sbicard.com/sbi-card-en/assets/docs/pdf/tnc/rewards-program-TnC-miles.pdf,2026-07-17
sbi-miles,SBI_TRAVEL_CREDITS,ASIA_MILES,1,1,1.0,1:1,No minimum published,,CURRENCY_LEVEL,EXPLICIT_SOURCE,,https://www.sbicard.com/sbi-card-en/assets/docs/pdf/tnc/rewards-program-TnC-miles.pdf,2026-07-17
sbi-miles-elite,SBI_TRAVEL_CREDITS,ASIA_MILES,1,1,1.0,1:1,No minimum published,,CURRENCY_LEVEL,EXPLICIT_SOURCE,,https://www.sbicard.com/sbi-card-en/assets/docs/pdf/tnc/rewards-program-TnC-miles.pdf,2026-07-17
sbi-miles-prime,SBI_TRAVEL_CREDITS,ASIA_MILES,1,1,1.0,1:1,No minimum published,,CURRENCY_LEVEL,EXPLICIT_SOURCE,,https://www.sbicard.com/sbi-card-en/assets/docs/pdf/tnc/rewards-program-TnC-miles.pdf,2026-07-17
sbi-miles,SBI_TRAVEL_CREDITS,QANTAS_FREQUENT_FLYER,1,1,1.0,1:1,No minimum published,,CURRENCY_LEVEL,EXPLICIT_SOURCE,,https://www.sbicard.com/sbi-card-en/assets/docs/pdf/tnc/rewards-program-TnC-miles.pdf,2026-07-17
sbi-miles-elite,SBI_TRAVEL_CREDITS,QANTAS_FREQUENT_FLYER,1,1,1.0,1:1,No minimum published,,CURRENCY_LEVEL,EXPLICIT_SOURCE,,https://www.sbicard.com/sbi-card-en/assets/docs/pdf/tnc/rewards-program-TnC-miles.pdf,2026-07-17
sbi-miles-prime,SBI_TRAVEL_CREDITS,QANTAS_FREQUENT_FLYER,1,1,1.0,1:1,No minimum published,,CURRENCY_LEVEL,EXPLICIT_SOURCE,,https://www.sbicard.com/sbi-card-en/assets/docs/pdf/tnc/rewards-program-TnC-miles.pdf,2026-07-17
sbi-miles,SBI_TRAVEL_CREDITS,THAI_ROYAL_ORCHID,1,1,1.0,1:1,No minimum published,,CURRENCY_LEVEL,EXPLICIT_SOURCE,,https://www.sbicard.com/sbi-card-en/assets/docs/pdf/tnc/rewards-program-TnC-miles.pdf,2026-07-17
sbi-miles-elite,SBI_TRAVEL_CREDITS,THAI_ROYAL_ORCHID,1,1,1.0,1:1,No minimum published,,CURRENCY_LEVEL,EXPLICIT_SOURCE,,https://www.sbicard.com/sbi-card-en/assets/docs/pdf/tnc/rewards-program-TnC-miles.pdf,2026-07-17
sbi-miles-prime,SBI_TRAVEL_CREDITS,THAI_ROYAL_ORCHID,1,1,1.0,1:1,No minimum published,,CURRENCY_LEVEL,EXPLICIT_SOURCE,,https://www.sbicard.com/sbi-card-en/assets/docs/pdf/tnc/rewards-program-TnC-miles.pdf,2026-07-17
sbi-miles,SBI_TRAVEL_CREDITS,VIETNAM_LOTUSMILES,1,1,1.0,1:1,No minimum published,,CURRENCY_LEVEL,EXPLICIT_SOURCE,,https://www.sbicard.com/sbi-card-en/assets/docs/pdf/tnc/rewards-program-TnC-miles.pdf,2026-07-17
sbi-miles-elite,SBI_TRAVEL_CREDITS,VIETNAM_LOTUSMILES,1,1,1.0,1:1,No minimum published,,CURRENCY_LEVEL,EXPLICIT_SOURCE,,https://www.sbicard.com/sbi-card-en/assets/docs/pdf/tnc/rewards-program-TnC-miles.pdf,2026-07-17
sbi-miles-prime,SBI_TRAVEL_CREDITS,VIETNAM_LOTUSMILES,1,1,1.0,1:1,No minimum published,,CURRENCY_LEVEL,EXPLICIT_SOURCE,,https://www.sbicard.com/sbi-card-en/assets/docs/pdf/tnc/rewards-program-TnC-miles.pdf,2026-07-17
sbi-miles,SBI_TRAVEL_CREDITS,SPICEJET_SPICECLUB,1,1,1.0,1:1,No minimum published,,CURRENCY_LEVEL,EXPLICIT_SOURCE,,https://www.sbicard.com/sbi-card-en/assets/docs/pdf/tnc/rewards-program-TnC-miles.pdf,2026-07-17
sbi-miles-elite,SBI_TRAVEL_CREDITS,SPICEJET_SPICECLUB,1,1,1.0,1:1,No minimum published,,CURRENCY_LEVEL,EXPLICIT_SOURCE,,https://www.sbicard.com/sbi-card-en/assets/docs/pdf/tnc/rewards-program-TnC-miles.pdf,2026-07-17
sbi-miles-prime,SBI_TRAVEL_CREDITS,SPICEJET_SPICECLUB,1,1,1.0,1:1,No minimum published,,CURRENCY_LEVEL,EXPLICIT_SOURCE,,https://www.sbicard.com/sbi-card-en/assets/docs/pdf/tnc/rewards-program-TnC-miles.pdf,2026-07-17
sbi-miles,SBI_TRAVEL_CREDITS,AIRASIA_REWARDS,1,1,1.0,1:1,No minimum published,,CURRENCY_LEVEL,EXPLICIT_SOURCE,,https://www.sbicard.com/sbi-card-en/assets/docs/pdf/tnc/rewards-program-TnC-miles.pdf,2026-07-17
sbi-miles-elite,SBI_TRAVEL_CREDITS,AIRASIA_REWARDS,1,1,1.0,1:1,No minimum published,,CURRENCY_LEVEL,EXPLICIT_SOURCE,,https://www.sbicard.com/sbi-card-en/assets/docs/pdf/tnc/rewards-program-TnC-miles.pdf,2026-07-17
sbi-miles-prime,SBI_TRAVEL_CREDITS,AIRASIA_REWARDS,1,1,1.0,1:1,No minimum published,,CURRENCY_LEVEL,EXPLICIT_SOURCE,,https://www.sbicard.com/sbi-card-en/assets/docs/pdf/tnc/rewards-program-TnC-miles.pdf,2026-07-17
sbi-miles,SBI_TRAVEL_CREDITS,FLYING_BLUE,1,1,1.0,1:1,No minimum published,,CURRENCY_LEVEL,EXPLICIT_SOURCE,,https://www.sbicard.com/sbi-card-en/assets/docs/pdf/tnc/rewards-program-TnC-miles.pdf,2026-07-17
sbi-miles-elite,SBI_TRAVEL_CREDITS,FLYING_BLUE,1,1,1.0,1:1,No minimum published,,CURRENCY_LEVEL,EXPLICIT_SOURCE,,https://www.sbicard.com/sbi-card-en/assets/docs/pdf/tnc/rewards-program-TnC-miles.pdf,2026-07-17
sbi-miles-prime,SBI_TRAVEL_CREDITS,FLYING_BLUE,1,1,1.0,1:1,No minimum published,,CURRENCY_LEVEL,EXPLICIT_SOURCE,,https://www.sbicard.com/sbi-card-en/assets/docs/pdf/tnc/rewards-program-TnC-miles.pdf,2026-07-17
sbi-miles,SBI_TRAVEL_CREDITS,EMIRATES_SKYWARDS,2,1,0.5,2:1,No minimum published,,CURRENCY_LEVEL,EXPLICIT_SOURCE,,https://www.sbicard.com/sbi-card-en/assets/docs/pdf/tnc/rewards-program-TnC-miles.pdf,2026-07-17
sbi-miles-elite,SBI_TRAVEL_CREDITS,EMIRATES_SKYWARDS,2,1,0.5,2:1,No minimum published,,CURRENCY_LEVEL,EXPLICIT_SOURCE,,https://www.sbicard.com/sbi-card-en/assets/docs/pdf/tnc/rewards-program-TnC-miles.pdf,2026-07-17
sbi-miles-prime,SBI_TRAVEL_CREDITS,EMIRATES_SKYWARDS,2,1,0.5,2:1,No minimum published,,CURRENCY_LEVEL,EXPLICIT_SOURCE,,https://www.sbicard.com/sbi-card-en/assets/docs/pdf/tnc/rewards-program-TnC-miles.pdf,2026-07-17
sbi-miles,SBI_TRAVEL_CREDITS,ETHIOPIAN_SHEBAMILES,2,1,0.5,2:1,No minimum published,,CURRENCY_LEVEL,EXPLICIT_SOURCE,,https://www.sbicard.com/sbi-card-en/assets/docs/pdf/tnc/rewards-program-TnC-miles.pdf,2026-07-17
sbi-miles-elite,SBI_TRAVEL_CREDITS,ETHIOPIAN_SHEBAMILES,2,1,0.5,2:1,No minimum published,,CURRENCY_LEVEL,EXPLICIT_SOURCE,,https://www.sbicard.com/sbi-card-en/assets/docs/pdf/tnc/rewards-program-TnC-miles.pdf,2026-07-17
sbi-miles-prime,SBI_TRAVEL_CREDITS,ETHIOPIAN_SHEBAMILES,2,1,0.5,2:1,No minimum published,,CURRENCY_LEVEL,EXPLICIT_SOURCE,,https://www.sbicard.com/sbi-card-en/assets/docs/pdf/tnc/rewards-program-TnC-miles.pdf,2026-07-17
sbi-miles,SBI_TRAVEL_CREDITS,JAL_MILEAGE_BANK,2,1,0.5,2:1,No minimum published,,CURRENCY_LEVEL,EXPLICIT_SOURCE,,https://www.sbicard.com/sbi-card-en/assets/docs/pdf/tnc/rewards-program-TnC-miles.pdf,2026-07-17
sbi-miles-elite,SBI_TRAVEL_CREDITS,JAL_MILEAGE_BANK,2,1,0.5,2:1,No minimum published,,CURRENCY_LEVEL,EXPLICIT_SOURCE,,https://www.sbicard.com/sbi-card-en/assets/docs/pdf/tnc/rewards-program-TnC-miles.pdf,2026-07-17
sbi-miles-prime,SBI_TRAVEL_CREDITS,JAL_MILEAGE_BANK,2,1,0.5,2:1,No minimum published,,CURRENCY_LEVEL,EXPLICIT_SOURCE,,https://www.sbicard.com/sbi-card-en/assets/docs/pdf/tnc/rewards-program-TnC-miles.pdf,2026-07-17
sbi-miles,SBI_TRAVEL_CREDITS,SAUDIA_ALFURSAN,2,1,0.5,2:1,No minimum published,,CURRENCY_LEVEL,EXPLICIT_SOURCE,,https://www.sbicard.com/sbi-card-en/assets/docs/pdf/tnc/rewards-program-TnC-miles.pdf,2026-07-17
sbi-miles-elite,SBI_TRAVEL_CREDITS,SAUDIA_ALFURSAN,2,1,0.5,2:1,No minimum published,,CURRENCY_LEVEL,EXPLICIT_SOURCE,,https://www.sbicard.com/sbi-card-en/assets/docs/pdf/tnc/rewards-program-TnC-miles.pdf,2026-07-17
sbi-miles-prime,SBI_TRAVEL_CREDITS,SAUDIA_ALFURSAN,2,1,0.5,2:1,No minimum published,,CURRENCY_LEVEL,EXPLICIT_SOURCE,,https://www.sbicard.com/sbi-card-en/assets/docs/pdf/tnc/rewards-program-TnC-miles.pdf,2026-07-17
sbi-miles,SBI_TRAVEL_CREDITS,TURKISH_MILES_SMILES,2,1,0.5,2:1,No minimum published,,CURRENCY_LEVEL,EXPLICIT_SOURCE,,https://www.sbicard.com/sbi-card-en/assets/docs/pdf/tnc/rewards-program-TnC-miles.pdf,2026-07-17
sbi-miles-elite,SBI_TRAVEL_CREDITS,TURKISH_MILES_SMILES,2,1,0.5,2:1,No minimum published,,CURRENCY_LEVEL,EXPLICIT_SOURCE,,https://www.sbicard.com/sbi-card-en/assets/docs/pdf/tnc/rewards-program-TnC-miles.pdf,2026-07-17
sbi-miles-prime,SBI_TRAVEL_CREDITS,TURKISH_MILES_SMILES,2,1,0.5,2:1,No minimum published,,CURRENCY_LEVEL,EXPLICIT_SOURCE,,https://www.sbicard.com/sbi-card-en/assets/docs/pdf/tnc/rewards-program-TnC-miles.pdf,2026-07-17
sbi-miles,SBI_TRAVEL_CREDITS,UNITED_MILEAGEPLUS,2,1,0.5,2:1,No minimum published,,CURRENCY_LEVEL,EXPLICIT_SOURCE,,https://www.sbicard.com/sbi-card-en/assets/docs/pdf/tnc/rewards-program-TnC-miles.pdf,2026-07-17
sbi-miles-elite,SBI_TRAVEL_CREDITS,UNITED_MILEAGEPLUS,2,1,0.5,2:1,No minimum published,,CURRENCY_LEVEL,EXPLICIT_SOURCE,,https://www.sbicard.com/sbi-card-en/assets/docs/pdf/tnc/rewards-program-TnC-miles.pdf,2026-07-17
sbi-miles-prime,SBI_TRAVEL_CREDITS,UNITED_MILEAGEPLUS,2,1,0.5,2:1,No minimum published,,CURRENCY_LEVEL,EXPLICIT_SOURCE,,https://www.sbicard.com/sbi-card-en/assets/docs/pdf/tnc/rewards-program-TnC-miles.pdf,2026-07-17
sbi-miles,SBI_TRAVEL_CREDITS,IHG_ONE_REWARDS,1,1,1.0,1:1,No minimum published,,CURRENCY_LEVEL,EXPLICIT_SOURCE,,https://www.sbicard.com/sbi-card-en/assets/docs/pdf/tnc/rewards-program-TnC-miles.pdf,2026-07-17
sbi-miles-elite,SBI_TRAVEL_CREDITS,IHG_ONE_REWARDS,1,1,1.0,1:1,No minimum published,,CURRENCY_LEVEL,EXPLICIT_SOURCE,,https://www.sbicard.com/sbi-card-en/assets/docs/pdf/tnc/rewards-program-TnC-miles.pdf,2026-07-17
sbi-miles-prime,SBI_TRAVEL_CREDITS,IHG_ONE_REWARDS,1,1,1.0,1:1,No minimum published,,CURRENCY_LEVEL,EXPLICIT_SOURCE,,https://www.sbicard.com/sbi-card-en/assets/docs/pdf/tnc/rewards-program-TnC-miles.pdf,2026-07-17
sbi-miles,SBI_TRAVEL_CREDITS,WYNDHAM_REWARDS,1,1,1.0,1:1,No minimum published,,CURRENCY_LEVEL,EXPLICIT_SOURCE,,https://www.sbicard.com/sbi-card-en/assets/docs/pdf/tnc/rewards-program-TnC-miles.pdf,2026-07-17
sbi-miles-elite,SBI_TRAVEL_CREDITS,WYNDHAM_REWARDS,1,1,1.0,1:1,No minimum published,,CURRENCY_LEVEL,EXPLICIT_SOURCE,,https://www.sbicard.com/sbi-card-en/assets/docs/pdf/tnc/rewards-program-TnC-miles.pdf,2026-07-17
sbi-miles-prime,SBI_TRAVEL_CREDITS,WYNDHAM_REWARDS,1,1,1.0,1:1,No minimum published,,CURRENCY_LEVEL,EXPLICIT_SOURCE,,https://www.sbicard.com/sbi-card-en/assets/docs/pdf/tnc/rewards-program-TnC-miles.pdf,2026-07-17
sbi-miles,SBI_TRAVEL_CREDITS,RADISSON_REWARDS,1,1,1.0,1:1,No minimum published,,CURRENCY_LEVEL,EXPLICIT_SOURCE,,https://www.sbicard.com/sbi-card-en/assets/docs/pdf/tnc/rewards-program-TnC-miles.pdf,2026-07-17
sbi-miles-elite,SBI_TRAVEL_CREDITS,RADISSON_REWARDS,1,1,1.0,1:1,No minimum published,,CURRENCY_LEVEL,EXPLICIT_SOURCE,,https://www.sbicard.com/sbi-card-en/assets/docs/pdf/tnc/rewards-program-TnC-miles.pdf,2026-07-17
sbi-miles-prime,SBI_TRAVEL_CREDITS,RADISSON_REWARDS,1,1,1.0,1:1,No minimum published,,CURRENCY_LEVEL,EXPLICIT_SOURCE,,https://www.sbicard.com/sbi-card-en/assets/docs/pdf/tnc/rewards-program-TnC-miles.pdf,2026-07-17
sbi-miles,SBI_TRAVEL_CREDITS,ACCOR_ALL,2,1,0.5,2:1,No minimum published,,CURRENCY_LEVEL,EXPLICIT_SOURCE,,https://www.sbicard.com/sbi-card-en/assets/docs/pdf/tnc/rewards-program-TnC-miles.pdf,2026-07-17
sbi-miles-elite,SBI_TRAVEL_CREDITS,ACCOR_ALL,2,1,0.5,2:1,No minimum published,,CURRENCY_LEVEL,EXPLICIT_SOURCE,,https://www.sbicard.com/sbi-card-en/assets/docs/pdf/tnc/rewards-program-TnC-miles.pdf,2026-07-17
sbi-miles-prime,SBI_TRAVEL_CREDITS,ACCOR_ALL,2,1,0.5,2:1,No minimum published,,CURRENCY_LEVEL,EXPLICIT_SOURCE,,https://www.sbicard.com/sbi-card-en/assets/docs/pdf/tnc/rewards-program-TnC-miles.pdf,2026-07-17
sbi-miles,SBI_TRAVEL_CREDITS,CLUB_ITC,2,1,0.5,2:1,No minimum published,,CURRENCY_LEVEL,EXPLICIT_SOURCE,,https://www.sbicard.com/sbi-card-en/assets/docs/pdf/tnc/rewards-program-TnC-miles.pdf,2026-07-17
sbi-miles-elite,SBI_TRAVEL_CREDITS,CLUB_ITC,2,1,0.5,2:1,No minimum published,,CURRENCY_LEVEL,EXPLICIT_SOURCE,,https://www.sbicard.com/sbi-card-en/assets/docs/pdf/tnc/rewards-program-TnC-miles.pdf,2026-07-17
sbi-miles-prime,SBI_TRAVEL_CREDITS,CLUB_ITC,2,1,0.5,2:1,No minimum published,,CURRENCY_LEVEL,EXPLICIT_SOURCE,,https://www.sbicard.com/sbi-card-en/assets/docs/pdf/tnc/rewards-program-TnC-miles.pdf,2026-07-17
sbi-miles,SBI_TRAVEL_CREDITS,SHANGRI_LA_CIRCLE,6,1,0.1667,6:1,No minimum published,,CURRENCY_LEVEL,EXPLICIT_SOURCE,,https://www.sbicard.com/sbi-card-en/assets/docs/pdf/tnc/rewards-program-TnC-miles.pdf,2026-07-17
sbi-miles-elite,SBI_TRAVEL_CREDITS,SHANGRI_LA_CIRCLE,6,1,0.1667,6:1,No minimum published,,CURRENCY_LEVEL,EXPLICIT_SOURCE,,https://www.sbicard.com/sbi-card-en/assets/docs/pdf/tnc/rewards-program-TnC-miles.pdf,2026-07-17
sbi-miles-prime,SBI_TRAVEL_CREDITS,SHANGRI_LA_CIRCLE,6,1,0.1667,6:1,No minimum published,,CURRENCY_LEVEL,EXPLICIT_SOURCE,,https://www.sbicard.com/sbi-card-en/assets/docs/pdf/tnc/rewards-program-TnC-miles.pdf,2026-07-17
sbi-miles,SBI_TRAVEL_CREDITS,JUMEIRAH_ONE,2,1,0.5,2:1,No minimum published,,CURRENCY_LEVEL,EXPLICIT_SOURCE,,https://www.sbicard.com/sbi-card-en/assets/docs/pdf/tnc/rewards-program-TnC-miles.pdf,2026-07-17
sbi-miles-elite,SBI_TRAVEL_CREDITS,JUMEIRAH_ONE,2,1,0.5,2:1,No minimum published,,CURRENCY_LEVEL,EXPLICIT_SOURCE,,https://www.sbicard.com/sbi-card-en/assets/docs/pdf/tnc/rewards-program-TnC-miles.pdf,2026-07-17
sbi-miles-prime,SBI_TRAVEL_CREDITS,JUMEIRAH_ONE,2,1,0.5,2:1,No minimum published,,CURRENCY_LEVEL,EXPLICIT_SOURCE,,https://www.sbicard.com/sbi-card-en/assets/docs/pdf/tnc/rewards-program-TnC-miles.pdf,2026-07-17
